typeid,count,tags,child_fields
Chemspeed.SAMacroTask.1,11280,"{""component"": 1771, ""task"": 9509}",description;name;edittime;expanded;conditionloop;conditionif;conditionwhile;conditiontype;loopvariable;fragmentvariable;executionmode;sequentialzones;multicondition;multiloop;variables;id;tasks;descriptionnewlines;breakbeforeexecution
Chemspeed.SAZone.1,5646,"{""zone"": 5646}",name;edittime;id;well;variables
Chemspeed.SATaskExecuteOperation.1,5590,"{""task"": 5187, ""component"": 403}",description;name;edittime;device;operation;operationid;arguments;results;id;descriptionnewlines
Chemspeed.SATaskWait.1,4316,"{""task"": 4092, ""component"": 224}",description;name;edittime;time;timeunit;msgtodisplay;waitmode;contacts;timername;cancelwait;id
Chemspeed.SATaskSetVariable.1,3480,"{""component"": 644, ""task"": 2836}",description;name;edittime;variablename;expressiontext;elementselectmode;elementnumber;numberofelements;startindex;clearvariable;sortwells;enumerationtype;wellsenumeration;elementsenumeration;id;expressiontextnewlines
Chemspeed.SATaskLiquidTransfer.1,3285,"{""task"": 3087, ""component"": 198}",sourcezone;destzone;tipszone;rinsezone;wastezone;airgapdestzone;extravoldestzone;description;name;edittime;transferdatas;flowrateunit;multipleaspiration;sourceequitime;sourceneedledistancemode;sourceneedledistance;destequitime;destneedledistancemode;destneedledistance;rinseinsidevolume;rinseoutsidevolume;rinseflowrate;rinsealways;rinseatend;unmounttoolatend;limitbydest;autofillvolume;autofillquantityoffset;autofillairgapvolume;autofillsourcespeed;autofilldestinationspeed;autofillunderrun;autofilloverrun;autofilladjustquantity;enabledsyringesmask;selectedsyringesmask;airgapforeachtransfer;extravolumeforeachtransfer;volumeunit;extravolumeunit;airgapvolumeunit;aspiratespeedunit;dipensespeedunit;openposition;rinseneedledistancemode;rinseneedledistance;needlehead;tipsdisposalstation;activeneedletype;ispiercingactive;sourceequitimemode;destequitimemode;postairgapvolume;postairgapvolumeunit;airgapdestmode;extravoldestmode;extravolsrcmode;id;breakbeforeexecution
Chemspeed.SATaskExecuteFunction.1,3050,"{""task"": 2800, ""component"": 250}",description;name;edittime;functiondata;functionid;id;functionname;inputs;outputs
Chemspeed.SATaskSetReactionBlockState.1,2495,"{""task"": 2422, ""component"": 73}",zone;description;name;edittime;taskdatas;updatedstate;state;refreshmode;opentime;closedtime;unmounttoolatend;gasdensityunit;gasdensityunitch2;flowSetPointunit;gasmaxvolumemasterunit;gasmaxvolumeslaveunit;gasmaxvolumech3unit;picsetpointunit;gasmasterslaveratiounit;gasratioch1unit;gasratioch2unit;gasratioch3unit;reactivegasopentimeunit;mfmintegralresetbehavior;picswitchon;picswitch2on;picswitch3on;masterchannel;controlmode;autofillgasdensity;autofillgasdensitych2;autofillgasdensitych3;autofillgasconversionfactor;autofillgasconversionfactorch2;autofillgasconversionfactorch3;autofillgasmaxvolumeflowch1;autofillgasmaxvolumemaster;autofillgasmaxvolumeslave;autofillgasmaxvolumech3;autofillgasname;autofillmfmindividualresetsetpoint;autofillpicsetpoint;autofillrelativepicsetpoint;autofillgasmasterslave1ratio;autofillgasratioch1;autofillgasratioch2;autofillgasratioch3;autofillreactivegasopentime;id
Chemspeed.SATaskFunctionDefinition.1,1580,"{""function"": 1580}",description;name;edittime;expanded;functiondata;id;components;functionid;descriptionnewlines
Chemspeed.SATaskSetAgitation.1,1521,"{""task"": 1431, ""component"": 90}",zone;description;name;edittime;taskdatas;switchon;speedunit;autofillspeed;stirrertype;id
Chemspeed.SATaskUserDialog.1,1368,"{""task"": 1339, ""component"": 29}",highlightzone;destzone;description;name;edittime;resultvariablename;targetamountvariable;sourcematerial;maxwaittimeexpression;dialogtype;resultunit;interpretmessageasexpressionflag;message;initialvalue;buttonoption;timeoutanswerexpression;yesokresultexpression;noresultexpression;maxwaittimeunit;picturepathexpression;validateinput;minvalidationvalueexpression;maxvalidationvalueexpression;fontsize;usemonospacedfont;defaultpauseafterdialog;softstopping;autodialogheight;dialogwidth;dialogheight;hlrootelementname;hlzonecolor;hldescriptioncount;logtoserver;messagetype;severity;runid;experimentid;trialnumber;productid;id;hlelementname0;hlelementcolor0
Chemspeed.SAMoModulePlate.1,1088,"{""element"": 1088}",name;edittime;log;logdeadband;absolutedeadband;deadbandunit;currentrole;calibrationx;calibrationy;calibrationz;numberoftools;deviceid;footprintid;haspressure;id;wells
Chemspeed.SATaskLogData.1,970,"{""task"": 970}",categorynameexpression;streamnameexpression;expressiontext;resulttype;description;name;edittime;id
Chemspeed.SATaskSetVacuum.1,702,"{""component"": 56, ""task"": 646}",zone;description;name;edittime;taskdatas;switchon;pressureunit;autofillpressure;id
Chemspeed.SADeviceDigitalOutput.1,658,"{""element"": 658}",outputid;hasmanualcontrol;name;edittime;log;logdeadband;absolutedeadband;deadbandunit;currentrole;calibrationx;calibrationy;calibrationz;numberoftools;deviceid;footprintid;id;wells
Chemspeed.SATaskSetTemperature.1,612,"{""task"": 612}",zone;description;name;edittime;switchon;maxwaittime;internalcontrol;autofilltemp;temperatureunit;autofillgradient;gradientunit;taskdatas;id
Chemspeed.SATaskCondition.1,566,"{""task"": 566}",description;name;edittime;expanded;conditiontype;condition;id;components;tasks
Chemspeed.SATaskSetElectricalContact.1,536,"{""task"": 536}",description;name;edittime;switchon;contact;id
Chemspeed.SAModuleConfigurableRack.1,526,"{""element"": 526}",name;edittime;log;logdeadband;absolutedeadband;deadbandunit;currentrole;calibrationx;calibrationy;calibrationz;numberoftools;toolname0;constraints0;usedefaultparent0;usedefaultiffail0;deviceid;footprintid;rackoriginpositionx;rackoriginpositiony;rackoriginpositionz;xrack;yrack;zrack;racktype;norows;nocolumns;xdistance;ydistance;checksymm;wellparameterss;agitation;vortexelement;captype;id;wells
Chemspeed.SAModuleReservoirBottle.1,516,"{""element"": 516}",name;edittime;log;logdeadband;absolutedeadband;deadbandunit;currentrole;calibrationx;calibrationy;calibrationz;numberoftools;deviceid;footprintid;id;wells
Chemspeed.SATaskSetTimer.1,483,"{""task"": 481, ""component"": 2}",description;name;edittime;timername;id
Chemspeed.SADeviceThermostat.1,471,"{""element"": 471}",name;edittime;log;logdeadband;absolutedeadband;deadbandunit;currentrole;calibrationx;calibrationy;calibrationz;numberoftools;deviceid;footprintid;lowvalue;highvalue;thermostatdrvkeyname;visualizeunitfortemperatures;id;wells
Chemspeed.SAModuleConfigurableHolder.1,337,"{""element"": 337}",name;edittime;expanded;log;logdeadband;absolutedeadband;deadbandunit;currentrole;calibrationx;calibrationy;calibrationz;numberoftools;deviceid;footprintid;holderoriginpositionx;holderoriginpositiony;holderoriginpositionz;xholder;yholder;zholder;footprintparameterss;id;elements;wells
Chemspeed.SADeviceIndividualShaker.1,337,"{""element"": 337}",name;edittime;expanded;log;logdeadband;absolutedeadband;deadbandunit;currentrole;calibrationx;calibrationy;calibrationz;numberoftools;deviceid;footprintid;visualizeunitforshaking;visualizeunitforcurrent;speedlogdeadbandunit;speedlogdeadband;currentlogdeadbandunit;currentlogdeadband;shakingdirection;knob;id;elements;wells
Chemspeed.SADeviceController.1,335,"{""element"": 335}",drivernodeid;visualizeunit;gradienttype;logdeadband;name;edittime;log;absolutedeadband;deadbandunit;currentrole;calibrationx;calibrationy;calibrationz;numberoftools;deviceid;footprintid;id;wells
Chemspeed.SADeviceNodeValue.1,335,"{""element"": 335}",driverid;devicetype;numberofnodevalues;nodevaluename0;variabletype0;logdeadband0;visualizeunit0;access0;name;edittime;log;logdeadband;absolutedeadband;deadbandunit;currentrole;calibrationx;calibrationy;calibrationz;numberoftools;deviceid;footprintid;id;wells
Chemspeed.SADeviceNeedle.1,272,"{""element"": 272}",name;edittime;log;logdeadband;absolutedeadband;deadbandunit;currentrole;calibrationx;calibrationy;calibrationz;numberoftools;deviceid;footprintid;needletype;visualizeunitfortemperatures;temperaturelogdeadband;id;wells
Chemspeed.SADeviceDiluter.1,272,"{""element"": 272}",name;edittime;log;logdeadband;absolutedeadband;deadbandunit;currentrole;calibrationx;calibrationy;calibrationz;numberoftools;deviceid;footprintid;syringevolume;airgapflowrate;pumptype;id;wells
Chemspeed.SATaskSolidTransfer.1,260,"{""task"": 260}",sourcezone;tipzone;destzone;safeclosezone;description;name;edittime;transferdatas;compatibility_tag_20100102;aspirationheightexpression;heightexpression;blowoutheightexpression;distributionmode;useteacheddispensingparams;teachingfailuremode;unmountcontaineratend;unmounttoolatend;containerspanning;containerrefill;refillrepetitions;isweightlossmonitoring;isusingexternalbalance;secondaryweightpropname;gduvblowoutlocation;storeondeckbalanceweight;useadvancedparams;dispensedweight;autofillweight;autofillfiltercoefficient;autofillfinedosingspeed;autofillmassflow;autofillmassflowunit;autofillroughthreshold;autofillroughthresholdunit;autofillpreloadadjustment;autofillunderrun;autofilloverrun;autofilladjustquantity;weightunit;massflowunit;roughthresholdunit;openposition;oscillatingperiodunit;autofilloscillatingperiod;devicetool;sdufinedosingspeedunit;sdupreloadadjustmentunit;autofillgdupfinedosingamount;autofillgdupfinalequilibrationtime;autofillgduproughdosingspeed;autofillgduproughdosingacceleration;autofillgduproughdosingamplitude;autofillgdupfinedosingspeed;autofillgdupfinedosingacceleration;autofillgdupfinedosingamplitude;autofillgdupfinedosingnumsubsteps;autofillgdupspeedmode;autofillgduphighbalancestability;autofillgduptolerance;autofillgdupturnbackfullamplitude;gdupfinedosingamountunit;gdupfinalequilibrationtimeunit;gduproughdosingspeedunit;gduproughdosingaccelerationunit;gduproughdosingamplitudeunit;gdupfinedosingspeedunit;gdupfinedosingaccelerationunit;gdupfinedosingamplitudeunit;gduptoleranceunit;usesafeclose;gduuseautodispense;id
Chemspeed.SATaskRunExecutable.1,235,"{""task"": 235}",description;name;edittime;execfilepath;commandline;exitcode;stdoutput;stdoutextended;maxwaittimeunit;maxwaittime;exitfailmode;runinsimulation;suppresswindow;id
Chemspeed.SAModuleRack.1,219,"{""element"": 219}",name;edittime;log;logdeadband;absolutedeadband;deadbandunit;currentrole;calibrationx;calibrationy;calibrationz;numberoftools;deviceid;footprintid;type;rackHeight;id;wells
Chemspeed.SADeviceHPLCValve.1,203,"{""element"": 203}",name;edittime;log;logdeadband;absolutedeadband;deadbandunit;currentrole;calibrationx;calibrationy;calibrationz;numberoftools;deviceid;footprintid;port;contact;isloadinitialpos;doactivehigh;id;wells
Chemspeed.SADeviceISynthBlock2.1,202,"{""element"": 202}",blocktype;reactortype;moveforwardoffset;movebackwardoffset;gripperfullyopenoffset;draweroffsetx;draweroffsety;draweroffsetz;version;name;edittime;log;logdeadband;absolutedeadband;deadbandunit;currentrole;calibrationx;calibrationy;calibrationz;numberoftools;deviceid;footprintid;id;wells
Chemspeed.SASingleThreadTask.1,186,"{""component"": 186}",description;name;edittime;expanded;id;components
Chemspeed.SATaskSetReflux.1,165,"{""task"": 165}",zone;description;name;edittime;switchon;maxwaittime;autofilltemp;temperatureunit;taskdatas;id
Chemspeed.SAModuleDoubleLevelDrawer.1,152,"{""element"": 152}",name;edittime;expanded;log;logdeadband;absolutedeadband;deadbandunit;currentrole;calibrationx;calibrationy;calibrationz;numberoftools;deviceid;footprintid;id;elements;wells
Chemspeed.SATaskPeripheralTemperature.1,142,"{""task"": 142}",zone;description;name;edittime;switchon;maxwaittime;timeunit;temperatureunit;gradientunit;usingrole;autofilltemperature;autofillgradient;taskdatas;id
Chemspeed.SAModuleWashStation.1,136,"{""element"": 136}",name;edittime;log;logdeadband;absolutedeadband;deadbandunit;currentrole;calibrationx;calibrationy;calibrationz;numberoftools;deviceid;footprintid;islargestation;wastestationtype;id;wells
Chemspeed.SAModuleGDUPSContainerRack.1,134,"{""element"": 134}",name;edittime;log;logdeadband;absolutedeadband;deadbandunit;currentrole;calibrationx;calibrationy;calibrationz;numberoftools;deviceid;footprintid;isOnSide;id;wells
Chemspeed.SATaskExportCSV.1,112,"{""task"": 112}",description;name;edittime;exportfilepath;delimitermode;endlinecharacter;exportbehaviour;changerowvar;exportresultvar;multiplelines;columns;id
Chemspeed.SATaskEventFunction.1,96,"{""function"": 96}",description;name;edittime;expanded;eventtype;id;components
Chemspeed.SATaskInterrupt.1,90,"{""task"": 90}",description;name;edittime;expanded;isunlockhood;isunlockgloveboxorlid;shouldshowprompt;id;tasks
Chemspeed.SAParallelTask.1,78,"{""task"": 78}",description;name;edittime;expanded;id;components
Chemspeed.SAElementManager.1,68,"{""configuration"": 68}",name;edittime;expanded;id;elements;connections
Chemspeed.SADeviceAccelerator.1,68,"{""element"": 68}",haslaser;skiphomingatstart;visualizeunit;temperatureLogDeadband;humidityLogDeadband;name;edittime;expanded;log;logdeadband;absolutedeadband;deadbandunit;currentrole;calibrationx;calibrationy;calibrationz;numberoftools;deviceid;footprintid;id;elements;wells
Chemspeed.SAModuleSPERack.1,68,"{""element"": 68}",cartVol;isheatable;numberoffragments;numberofcolumns;numberofrows;originx;originy;deltax;deltay;doameter;deltaxcollectwaste;deltaycollectwaste;customwelldepthwastecollect;customwelldepthdirect;needledepth;sliderlength;name;edittime;expanded;log;logdeadband;absolutedeadband;deadbandunit;currentrole;calibrationx;calibrationy;calibrationz;numberoftools;deviceid;footprintid;id;elements;wells;toolname0;constraints0;usedefaultparent0;usedefaultiffail0
Chemspeed.SAModuleNHParkStation.1,68,"{""element"": 68}",name;edittime;expanded;log;logdeadband;absolutedeadband;deadbandunit;currentrole;calibrationx;calibrationy;calibrationz;numberoftools;deviceid;footprintid;wetstorageinstalled;id;elements;wells
Chemspeed.SADeviceNeedleHead.1,68,"{""element"": 68}",name;edittime;expanded;log;logdeadband;absolutedeadband;deadbandunit;currentrole;calibrationx;calibrationy;calibrationz;numberoftools;deviceid;footprintid;haspiercingtips;mountingpinposition;keepneedlesextended;usewelldepthoffset;id;elements;wells
Chemspeed.SAModuleDilutorsParkStn.1,68,"{""element"": 68}",isperistalticpumpbox;name;edittime;expanded;log;logdeadband;absolutedeadband;deadbandunit;currentrole;calibrationx;calibrationy;calibrationz;numberoftools;deviceid;footprintid;id;elements;wells
Chemspeed.SAModuleGripperParkStation.1,68,"{""element"": 68}",devicetype;name;edittime;expanded;log;logdeadband;absolutedeadband;deadbandunit;currentrole;calibrationx;calibrationy;calibrationz;numberoftools;deviceid;footprintid;id;elements;wells;parkpinposition
Chemspeed.SADeviceGripper.1,68,"{""element"": 68}",grippertype;newtransportstrategy;name;edittime;log;logdeadband;absolutedeadband;deadbandunit;currentrole;calibrationx;calibrationy;calibrationz;numberoftools;deviceid;footprintid;id;wells
Chemspeed.SADeviceVacuumPump.1,68,"{""element"": 68}",name;edittime;log;logdeadband;absolutedeadband;deadbandunit;currentrole;calibrationx;calibrationy;calibrationz;numberoftools;deviceid;footprintid;visualizeunitforpressures;id;wells
Chemspeed.SATaskManager.1,68,"{""tasks"": 68}",variables;name;edittime;expanded;id;tasks
Chemspeed.SAFunctionManager.1,68,"{""functions"": 68}",name;edittime;expanded;id;functions
Chemspeed.SAZoneManager.1,68,"{""zones"": 68}",name;edittime;expanded;id;zones
Chemspeed.SAModuleTrayA80.1,67,"{""element"": 67}",name;edittime;expanded;log;logdeadband;absolutedeadband;deadbandunit;currentrole;calibrationx;calibrationy;calibrationz;numberoftools;deviceid;footprintid;visualizeunitfortemperatures;visualizeunitforpressures;visualizeunitforvolumes;visualizeunitforanglespeeds;visualizeunitforcurrents;visualizeunitforvolumeflows;visualizeunitformassflows;visualizeunitformasses;visualizationname;showvisualization;visualmodel;usenewversion;id;elements;wells
Chemspeed.SAModuleThreeTrayThirds.1,67,"{""element"": 67}",name;edittime;expanded;log;logdeadband;absolutedeadband;deadbandunit;currentrole;calibrationx;calibrationy;calibrationz;numberoftools;deviceid;footprintid;id;elements;wells
Chemspeed.SAMoSolidContRackHolder.1,67,"{""element"": 67}",name;edittime;expanded;log;logdeadband;absolutedeadband;deadbandunit;currentrole;calibrationx;calibrationy;calibrationz;numberoftools;deviceid;footprintid;rackHolderType;isStandardType;id;elements;wells
Chemspeed.SAModuleSDUParkStation.1,67,"{""element"": 67}",name;edittime;expanded;log;logdeadband;absolutedeadband;deadbandunit;currentrole;calibrationx;calibrationy;calibrationz;numberoftools;deviceid;footprintid;sduorientation;correctedxshift;id;elements;wells
Chemspeed.SADeviceGDUPS.1,67,"{""element"": 67}",isweightlossmonitoring;name;edittime;log;logdeadband;absolutedeadband;deadbandunit;currentrole;calibrationx;calibrationy;calibrationz;numberoftools;deviceid;footprintid;id;wells
Chemspeed.SATaskImportCSV.1,64,"{""component"": 7, ""task"": 57}",description;name;edittime;importfilepath;delimitermode;iswithheader;rowtoread;importresultvar;importrowmode;columns;id
Chemspeed.SAModule3MTP.1,51,"{""element"": 51}",name;edittime;expanded;log;logdeadband;absolutedeadband;deadbandunit;currentrole;calibrationx;calibrationy;calibrationz;numberoftools;deviceid;footprintid;id;elements;wells
Chemspeed.SATaskGetProperty.1,50,"{""task"": 50}",sourcezonename;description;name;edittime;propname;destvariablename;userpropertymode;fallbackmode;fallback;id
Chemspeed.SATaskSetProperty.1,44,"{""task"": 44}",destzonename;description;name;edittime;propertytype;propname;valuemode;variablename;propvalueexprtext;resulttype;propertyunit;id
Chemspeed.SAModuleBottlePlateHolder.1,16,"{""element"": 16}",microtiterracktype;name;edittime;expanded;log;logdeadband;absolutedeadband;deadbandunit;currentrole;calibrationx;calibrationy;calibrationz;numberoftools;deviceid;footprintid;id;elements;wells
Chemspeed.SAModuleTrayT101.1,1,"{""element"": 1}",name;edittime;expanded;log;logdeadband;absolutedeadband;deadbandunit;currentrole;calibrationx;calibrationy;calibrationz;numberoftools;deviceid;footprintid;id;elements;wells
Chemspeed.SADeviceGasMonitor.1,1,"{""element"": 1}",name;edittime;log;logdeadband;absolutedeadband;deadbandunit;currentrole;calibrationx;calibrationy;calibrationz;numberoftools;deviceid;footprintid;gascomputertype;sensorenable1;sensorenable2;sensorenable3;sensorenable4;sensorname1;sensorname2;sensorname3;sensorname4;visualizeunitsensor1;visualizeunitsensor2;visualizeunitsensor3;visualizeunitsensor4;logdeadbandsensor1;logdeadbandsensor2;logdeadbandsensor3;logdeadbandsensor4;id;wells
