typeid,count_in_full_corpus,node_tags_observed,child_tags_observed,representative_source,representative_bytes,representative_fragment
Chemspeed.SADeviceAccelerator.1,68,element,absolutedeadband | calibrationx | calibrationy | calibrationz | currentrole | deadbandunit | deviceid | edittime | elements | expanded | footprintid | haslaser | humidityLogDeadband | id | log | logdeadband | name | numberoftools | skiphomingatstart | temperatureLogDeadband | visualizeunit | wells,app/config20260909_polymerization.app,1130401,00_Chemspeed.SADeviceAccelerator.1_representative.xml
Chemspeed.SADeviceController.1,335,element,absolutedeadband | calibrationx | calibrationy | calibrationz | currentrole | deadbandunit | deviceid | drivernodeid | edittime | footprintid | gradienttype | id | log | logdeadband | name | numberoftools | visualizeunit | wells,app/config20260909_polymerization.app,690,01_Chemspeed.SADeviceController.1_representative.xml
Chemspeed.SADeviceDigitalOutput.1,658,element,absolutedeadband | calibrationx | calibrationy | calibrationz | currentrole | deadbandunit | deviceid | edittime | footprintid | hasmanualcontrol | id | log | logdeadband | name | numberoftools | outputid | wells,app/config20260909_polymerization.app,615,02_Chemspeed.SADeviceDigitalOutput.1_representative.xml
Chemspeed.SADeviceDiluter.1,272,element,absolutedeadband | airgapflowrate | calibrationx | calibrationy | calibrationz | currentrole | deadbandunit | deviceid | edittime | footprintid | id | log | logdeadband | name | numberoftools | pumptype | syringevolume | wells,app/config20260909_polymerization.app,801,03_Chemspeed.SADeviceDiluter.1_representative.xml
Chemspeed.SADeviceGDUPS.1,67,element,absolutedeadband | calibrationx | calibrationy | calibrationz | currentrole | deadbandunit | deviceid | edittime | footprintid | id | isweightlossmonitoring | log | logdeadband | name | numberoftools | wells,app/config20260909_polymerization.app,753,04_Chemspeed.SADeviceGDUPS.1_representative.xml
Chemspeed.SADeviceGasMonitor.1,1,element,absolutedeadband | calibrationx | calibrationy | calibrationz | currentrole | deadbandunit | deviceid | edittime | footprintid | gascomputertype | id | log | logdeadband | logdeadbandsensor1 | logdeadbandsensor2 | logdeadbandsensor3 | logdeadbandsensor4 | name | numberoftools | sensorenable1 | sensorenable2 | sensorenable3 | sensorenable4 | sensorname1 | sensorname2 | sensorname3 | sensorname4 | visualizeunitsensor1 | visualizeunitsensor2 | visualizeunitsensor3 | visualizeunitsensor4 | wells,app/Suzuki-Miyaura-automation.app,1226,05_Chemspeed.SADeviceGasMonitor.1_representative.xml
Chemspeed.SADeviceGripper.1,68,element,absolutedeadband | calibrationx | calibrationy | calibrationz | currentrole | deadbandunit | deviceid | edittime | footprintid | grippertype | id | log | logdeadband | name | newtransportstrategy | numberoftools | wells,app/config20260909_polymerization.app,751,06_Chemspeed.SADeviceGripper.1_representative.xml
Chemspeed.SADeviceHPLCValve.1,203,element,absolutedeadband | calibrationx | calibrationy | calibrationz | contact | currentrole | deadbandunit | deviceid | doactivehigh | edittime | footprintid | id | isloadinitialpos | log | logdeadband | name | numberoftools | port | wells,app/config20260909_polymerization.app,1856,07_Chemspeed.SADeviceHPLCValve.1_representative.xml
Chemspeed.SADeviceISynthBlock2.1,202,element,absolutedeadband | blocktype | calibrationx | calibrationy | calibrationz | currentrole | deadbandunit | deviceid | draweroffsetx | draweroffsety | draweroffsetz | edittime | footprintid | gripperfullyopenoffset | id | log | logdeadband | movebackwardoffset | moveforwardoffset | name | numberoftools | reactortype | version | wells,app/config20260909_polymerization.app,53092,08_Chemspeed.SADeviceISynthBlock2.1_representative.xml
Chemspeed.SADeviceIndividualShaker.1,337,element,absolutedeadband | calibrationx | calibrationy | calibrationz | currentlogdeadband | currentlogdeadbandunit | currentrole | deadbandunit | deviceid | edittime | elements | expanded | footprintid | id | knob | log | logdeadband | name | numberoftools | shakingdirection | speedlogdeadband | speedlogdeadbandunit | visualizeunitforcurrent | visualizeunitforshaking | wells,app/config20260909_polymerization.app,54253,09_Chemspeed.SADeviceIndividualShaker.1_representative.xml
Chemspeed.SADeviceNeedle.1,272,element,absolutedeadband | calibrationx | calibrationy | calibrationz | currentrole | deadbandunit | deviceid | edittime | footprintid | id | log | logdeadband | name | needletype | numberoftools | temperaturelogdeadband | visualizeunitfortemperatures | wells,app/config20260909_polymerization.app,862,10_Chemspeed.SADeviceNeedle.1_representative.xml
Chemspeed.SADeviceNeedleHead.1,68,element,absolutedeadband | calibrationx | calibrationy | calibrationz | currentrole | deadbandunit | deviceid | edittime | elements | expanded | footprintid | haspiercingtips | id | keepneedlesextended | log | logdeadband | mountingpinposition | name | numberoftools | usewelldepthoffset | wells,app/config20260909_polymerization.app,4397,11_Chemspeed.SADeviceNeedleHead.1_representative.xml
Chemspeed.SADeviceNodeValue.1,335,element,absolutedeadband | access0 | calibrationx | calibrationy | calibrationz | currentrole | deadbandunit | deviceid | devicetype | driverid | edittime | footprintid | id | log | logdeadband | logdeadband0 | name | nodevaluename0 | numberofnodevalues | numberoftools | variabletype0 | visualizeunit0 | wells,app/config20260909_polymerization.app,872,12_Chemspeed.SADeviceNodeValue.1_representative.xml
Chemspeed.SADeviceThermostat.1,471,element,absolutedeadband | calibrationx | calibrationy | calibrationz | currentrole | deadbandunit | deviceid | edittime | footprintid | highvalue | id | log | logdeadband | lowvalue | name | numberoftools | thermostatdrvkeyname | visualizeunitfortemperatures | wells,app/config20260909_polymerization.app,753,13_Chemspeed.SADeviceThermostat.1_representative.xml
Chemspeed.SADeviceVacuumPump.1,68,element,absolutedeadband | calibrationx | calibrationy | calibrationz | currentrole | deadbandunit | deviceid | edittime | footprintid | id | log | logdeadband | name | numberoftools | visualizeunitforpressures | wells,app/config20260909_polymerization.app,622,14_Chemspeed.SADeviceVacuumPump.1_representative.xml
Chemspeed.SAElementManager.1,68,configuration,connections | edittime | elements | expanded | id | name,app/config20260909_polymerization.app,1176455,15_Chemspeed.SAElementManager.1_representative.xml
Chemspeed.SAFunctionManager.1,68,functions,edittime | expanded | functions | id | name,app/config20260909_polymerization.app,717720,16_Chemspeed.SAFunctionManager.1_representative.xml
Chemspeed.SAMacroTask.1,11280,component | task,breakbeforeexecution | conditionif | conditionloop | conditiontype | conditionwhile | description | descriptionnewlines | edittime | executionmode | expanded | fragmentvariable | id | loopvariable | multicondition | multiloop | name | sequentialzones | tasks | variables,asfp/Test01_EmptyFunction.asfp,401,17_Chemspeed.SAMacroTask.1_representative.xml
Chemspeed.SAMoModulePlate.1,1088,element,absolutedeadband | calibrationx | calibrationy | calibrationz | currentrole | deadbandunit | deviceid | edittime | footprintid | haspressure | id | log | logdeadband | name | numberoftools | wells,app/config20260909_polymerization.app,702,18_Chemspeed.SAMoModulePlate.1_representative.xml
Chemspeed.SAMoSolidContRackHolder.1,67,element,absolutedeadband | calibrationx | calibrationy | calibrationz | currentrole | deadbandunit | deviceid | edittime | elements | expanded | footprintid | id | isStandardType | log | logdeadband | name | numberoftools | rackHolderType | wells,app/config20260909_polymerization.app,20568,19_Chemspeed.SAMoSolidContRackHolder.1_representative.xml
Chemspeed.SAModule3MTP.1,51,element,absolutedeadband | calibrationx | calibrationy | calibrationz | currentrole | deadbandunit | deviceid | edittime | elements | expanded | footprintid | id | log | logdeadband | name | numberoftools | wells,app/config20260909_polymerization.app,210807,20_Chemspeed.SAModule3MTP.1_representative.xml
Chemspeed.SAModuleBottlePlateHolder.1,16,element,absolutedeadband | calibrationx | calibrationy | calibrationz | currentrole | deadbandunit | deviceid | edittime | elements | expanded | footprintid | id | log | logdeadband | microtiterracktype | name | numberoftools | wells,app/20260407 AMR 20260325 SAT Riehen new configuration LUM_AKI_tmp.app,176545,21_Chemspeed.SAModuleBottlePlateHolder.1_representative.xml
Chemspeed.SAModuleConfigurableHolder.1,337,element,absolutedeadband | calibrationx | calibrationy | calibrationz | currentrole | deadbandunit | deviceid | edittime | elements | expanded | footprintid | footprintparameterss | holderoriginpositionx | holderoriginpositiony | holderoriginpositionz | id | log | logdeadband | name | numberoftools | wells | xholder | yholder | zholder,app/config20260909_polymerization.app,1089,22_Chemspeed.SAModuleConfigurableHolder.1_representative.xml
Chemspeed.SAModuleConfigurableRack.1,526,element,absolutedeadband | agitation | calibrationx | calibrationy | calibrationz | captype | checksymm | constraints0 | currentrole | deadbandunit | deviceid | edittime | footprintid | id | log | logdeadband | name | nocolumns | norows | numberoftools | rackoriginpositionx | rackoriginpositiony | rackoriginpositionz | racktype | toolname0 | usedefaultiffail0 | usedefaultparent0 | vortexelement | wellparameterss | wells | xdistance | xrack | ydistance | yrack | zrack,app/config20260909_polymerization.app,2861,23_Chemspeed.SAModuleConfigurableRack.1_representative.xml
Chemspeed.SAModuleDilutorsParkStn.1,68,element,absolutedeadband | calibrationx | calibrationy | calibrationz | currentrole | deadbandunit | deviceid | edittime | elements | expanded | footprintid | id | isperistalticpumpbox | log | logdeadband | name | numberoftools | wells,app/config20260909_polymerization.app,17645,24_Chemspeed.SAModuleDilutorsParkStn.1_representative.xml
Chemspeed.SAModuleDoubleLevelDrawer.1,152,element,absolutedeadband | calibrationx | calibrationy | calibrationz | currentrole | deadbandunit | deviceid | edittime | elements | expanded | footprintid | id | log | logdeadband | name | numberoftools | wells,app/config20260909_polymerization.app,33959,25_Chemspeed.SAModuleDoubleLevelDrawer.1_representative.xml
Chemspeed.SAModuleGDUPSContainerRack.1,134,element,absolutedeadband | calibrationx | calibrationy | calibrationz | currentrole | deadbandunit | deviceid | edittime | footprintid | id | isOnSide | log | logdeadband | name | numberoftools | wells,app/config20260909_polymerization.app,9086,26_Chemspeed.SAModuleGDUPSContainerRack.1_representative.xml
Chemspeed.SAModuleGripperParkStation.1,68,element,absolutedeadband | calibrationx | calibrationy | calibrationz | currentrole | deadbandunit | deviceid | devicetype | edittime | elements | expanded | footprintid | id | log | logdeadband | name | numberoftools | parkpinposition | wells,app/config20260909_polymerization.app,1515,27_Chemspeed.SAModuleGripperParkStation.1_representative.xml
Chemspeed.SAModuleNHParkStation.1,68,element,absolutedeadband | calibrationx | calibrationy | calibrationz | currentrole | deadbandunit | deviceid | edittime | elements | expanded | footprintid | id | log | logdeadband | name | numberoftools | wells | wetstorageinstalled,app/config20260909_polymerization.app,32648,28_Chemspeed.SAModuleNHParkStation.1_representative.xml
Chemspeed.SAModuleRack.1,219,element,absolutedeadband | calibrationx | calibrationy | calibrationz | currentrole | deadbandunit | deviceid | edittime | footprintid | id | log | logdeadband | name | numberoftools | rackHeight | type | wells,app/config20260909_polymerization.app,33230,29_Chemspeed.SAModuleRack.1_representative.xml
Chemspeed.SAModuleReservoirBottle.1,516,element,absolutedeadband | calibrationx | calibrationy | calibrationz | currentrole | deadbandunit | deviceid | edittime | footprintid | id | log | logdeadband | name | numberoftools | wells,app/config20260909_polymerization.app,1694,30_Chemspeed.SAModuleReservoirBottle.1_representative.xml
Chemspeed.SAModuleSDUParkStation.1,67,element,absolutedeadband | calibrationx | calibrationy | calibrationz | correctedxshift | currentrole | deadbandunit | deviceid | edittime | elements | expanded | footprintid | id | log | logdeadband | name | numberoftools | sduorientation | wells,app/config20260909_polymerization.app,1570,31_Chemspeed.SAModuleSDUParkStation.1_representative.xml
Chemspeed.SAModuleSPERack.1,68,element,absolutedeadband | calibrationx | calibrationy | calibrationz | cartVol | constraints0 | currentrole | customwelldepthdirect | customwelldepthwastecollect | deadbandunit | deltax | deltaxcollectwaste | deltay | deltaycollectwaste | deviceid | doameter | edittime | elements | expanded | footprintid | id | isheatable | log | logdeadband | name | needledepth | numberofcolumns | numberoffragments | numberofrows | numberoftools | originx | originy | sliderlength | toolname0 | usedefaultiffail0 | usedefaultparent0 | wells,app/config20260909_polymerization.app,84425,32_Chemspeed.SAModuleSPERack.1_representative.xml
Chemspeed.SAModuleThreeTrayThirds.1,67,element,absolutedeadband | calibrationx | calibrationy | calibrationz | currentrole | deadbandunit | deviceid | edittime | elements | expanded | footprintid | id | log | logdeadband | name | numberoftools | wells,app/config20260909_polymerization.app,1055821,33_Chemspeed.SAModuleThreeTrayThirds.1_representative.xml
Chemspeed.SAModuleTrayA80.1,67,element,absolutedeadband | calibrationx | calibrationy | calibrationz | currentrole | deadbandunit | deviceid | edittime | elements | expanded | footprintid | id | log | logdeadband | name | numberoftools | showvisualization | usenewversion | visualizationname | visualizeunitforanglespeeds | visualizeunitforcurrents | visualizeunitformasses | visualizeunitformassflows | visualizeunitforpressures | visualizeunitfortemperatures | visualizeunitforvolumeflows | visualizeunitforvolumes | visualmodel | wells,app/config20260909_polymerization.app,1129601,34_Chemspeed.SAModuleTrayA80.1_representative.xml
Chemspeed.SAModuleTrayT101.1,1,element,absolutedeadband | calibrationx | calibrationy | calibrationz | currentrole | deadbandunit | deviceid | edittime | elements | expanded | footprintid | id | log | logdeadband | name | numberoftools | wells,app/Suzuki-Miyaura-automation.app,512582,35_Chemspeed.SAModuleTrayT101.1_representative.xml
Chemspeed.SAModuleWashStation.1,136,element,absolutedeadband | calibrationx | calibrationy | calibrationz | currentrole | deadbandunit | deviceid | edittime | footprintid | id | islargestation | log | logdeadband | name | numberoftools | wastestationtype | wells,app/config20260909_polymerization.app,8973,36_Chemspeed.SAModuleWashStation.1_representative.xml
Chemspeed.SAParallelTask.1,78,task,components | description | edittime | expanded | id | name,app/config20260909_polymerization.app,6282,37_Chemspeed.SAParallelTask.1_representative.xml
Chemspeed.SASingleThreadTask.1,186,component,components | description | edittime | expanded | id | name,app/config20260909_polymerization.app,2355,38_Chemspeed.SASingleThreadTask.1_representative.xml
Chemspeed.SATaskCondition.1,566,task,components | condition | conditiontype | description | edittime | expanded | id | name | tasks,asfp/Test10_DirectIfElse_NoOuterMacro.asfp,125,39_Chemspeed.SATaskCondition.1_representative.xml
Chemspeed.SATaskEventFunction.1,96,function,components | description | edittime | eventtype | expanded | id | name,asfp/functionsPackage_2.asfp,1998,40_Chemspeed.SATaskEventFunction.1_representative.xml
Chemspeed.SATaskExecuteFunction.1,3050,component | task,description | edittime | functiondata | functionid | functionname | id | inputs | name | outputs,asfp/Test04_ExecuteFunction.asfp,343,41_Chemspeed.SATaskExecuteFunction.1_representative.xml
Chemspeed.SATaskExecuteOperation.1,5590,component | task,arguments | description | descriptionnewlines | device | edittime | id | name | operation | operationid | results,asfp/functionsPackage_0909.asfp,395,42_Chemspeed.SATaskExecuteOperation.1_representative.xml
Chemspeed.SATaskExportCSV.1,112,task,changerowvar | columns | delimitermode | description | edittime | endlinecharacter | exportbehaviour | exportfilepath | exportresultvar | id | multiplelines | name,asfp/functionsPackage0901.asfp,720,43_Chemspeed.SATaskExportCSV.1_representative.xml
Chemspeed.SATaskFunctionDefinition.1,1580,function,components | description | descriptionnewlines | edittime | expanded | functiondata | functionid | id | name,asfp/Test08_DirectIf_NoOuterMacro.asfp,427,44_Chemspeed.SATaskFunctionDefinition.1_representative.xml
Chemspeed.SATaskGetProperty.1,50,task,description | destvariablename | edittime | fallback | fallbackmode | id | name | propname | sourcezonename | userpropertymode,app/config20260909_polymerization.app,437,45_Chemspeed.SATaskGetProperty.1_representative.xml
Chemspeed.SATaskImportCSV.1,64,component | task,columns | delimitermode | description | edittime | id | importfilepath | importresultvar | importrowmode | iswithheader | name | rowtoread,app/config20260909_polymerization.app,778,46_Chemspeed.SATaskImportCSV.1_representative.xml
Chemspeed.SATaskInterrupt.1,90,task,description | edittime | expanded | id | isunlockgloveboxorlid | isunlockhood | name | shouldshowprompt | tasks,app/20260407 AMR 20260325 SAT Riehen new configuration LUM_AKI_tmp.app,2542,47_Chemspeed.SATaskInterrupt.1_representative.xml
Chemspeed.SATaskLiquidTransfer.1,3285,component | task,activeneedletype | airgapdestmode | airgapdestzone | airgapforeachtransfer | airgapvolumeunit | aspiratespeedunit | autofilladjustquantity | autofillairgapvolume | autofilldestinationspeed | autofilloverrun | autofillquantityoffset | autofillsourcespeed | autofillunderrun | autofillvolume | breakbeforeexecution | description | destequitime | destequitimemode | destneedledistance | destneedledistancemode | destzone | dipensespeedunit | edittime | enabledsyringesmask | extravoldestmode | extravoldestzone | extravolsrcmode | extravolumeforeachtransfer | extravolumeunit | flowrateunit | id | ispiercingactive | limitbydest | multipleaspiration | name | needlehead | openposition | postairgapvolume | postairgapvolumeunit | rinsealways | rinseatend | rinseflowrate | rinseinsidevolume | rinseneedledistance | rinseneedledistancemode | rinseoutsidevolume | rinsezone | selectedsyringesmask | sourceequitime | sourceequitimemode | sourceneedledistance | sourceneedledistancemode | sourcezone | tipsdisposalstation | tipszone | transferdatas | unmounttoolatend | volumeunit | wastezone,asfp/functionsPackage_2.asfp,3105,48_Chemspeed.SATaskLiquidTransfer.1_representative.xml
Chemspeed.SATaskLogData.1,970,task,categorynameexpression | description | edittime | expressiontext | id | name | resulttype | streamnameexpression,asfp/functionsPackage_0909.asfp,412,49_Chemspeed.SATaskLogData.1_representative.xml
Chemspeed.SATaskManager.1,68,tasks,edittime | expanded | id | name | tasks | variables,app/config20260909_polymerization.app,178510,50_Chemspeed.SATaskManager.1_representative.xml
Chemspeed.SATaskPeripheralTemperature.1,142,task,autofillgradient | autofilltemperature | description | edittime | gradientunit | id | maxwaittime | name | switchon | taskdatas | temperatureunit | timeunit | usingrole | zone,app/20260407 AMR 20260325 SAT Riehen new configuration LUM_AKI_tmp.app,1044,51_Chemspeed.SATaskPeripheralTemperature.1_representative.xml
Chemspeed.SATaskRunExecutable.1,235,task,commandline | description | edittime | execfilepath | exitcode | exitfailmode | id | maxwaittime | maxwaittimeunit | name | runinsimulation | stdoutextended | stdoutput | suppresswindow,asfp/functionsPackage_0909.asfp,632,52_Chemspeed.SATaskRunExecutable.1_representative.xml
Chemspeed.SATaskSetAgitation.1,1521,component | task,autofillspeed | description | edittime | id | name | speedunit | stirrertype | switchon | taskdatas | zone,asfp/functionsPackage_0909.asfp,575,53_Chemspeed.SATaskSetAgitation.1_representative.xml
Chemspeed.SATaskSetElectricalContact.1,536,task,contact | description | edittime | id | name | switchon,app/20260407 AMR 20260325 SAT Riehen new configuration LUM_AKI_tmp.app,293,54_Chemspeed.SATaskSetElectricalContact.1_representative.xml
Chemspeed.SATaskSetProperty.1,44,task,description | destzonename | edittime | id | name | propertytype | propertyunit | propname | propvalueexprtext | resulttype | valuemode | variablename,app/config20260909_polymerization.app,486,55_Chemspeed.SATaskSetProperty.1_representative.xml
Chemspeed.SATaskSetReactionBlockState.1,2495,component | task,autofillgasconversionfactor | autofillgasconversionfactorch2 | autofillgasconversionfactorch3 | autofillgasdensity | autofillgasdensitych2 | autofillgasdensitych3 | autofillgasmasterslave1ratio | autofillgasmaxvolumech3 | autofillgasmaxvolumeflowch1 | autofillgasmaxvolumemaster | autofillgasmaxvolumeslave | autofillgasname | autofillgasratioch1 | autofillgasratioch2 | autofillgasratioch3 | autofillmfmindividualresetsetpoint | autofillpicsetpoint | autofillreactivegasopentime | autofillrelativepicsetpoint | closedtime | controlmode | description | edittime | flowSetPointunit | gasdensityunit | gasdensityunitch2 | gasmasterslaveratiounit | gasmaxvolumech3unit | gasmaxvolumemasterunit | gasmaxvolumeslaveunit | gasratioch1unit | gasratioch2unit | gasratioch3unit | id | masterchannel | mfmintegralresetbehavior | name | opentime | picsetpointunit | picswitch2on | picswitch3on | picswitchon | reactivegasopentimeunit | refreshmode | state | taskdatas | unmounttoolatend | updatedstate | zone,asfp/functionsPackage_0909.asfp,3366,56_Chemspeed.SATaskSetReactionBlockState.1_representative.xml
Chemspeed.SATaskSetReflux.1,165,task,autofilltemp | description | edittime | id | maxwaittime | name | switchon | taskdatas | temperatureunit | zone,asfp/functionsPackage_3.asfp,605,57_Chemspeed.SATaskSetReflux.1_representative.xml
Chemspeed.SATaskSetTemperature.1,612,task,autofillgradient | autofilltemp | description | edittime | gradientunit | id | internalcontrol | maxwaittime | name | switchon | taskdatas | temperatureunit | zone,asfp/functionsPackage_3.asfp,765,58_Chemspeed.SATaskSetTemperature.1_representative.xml
Chemspeed.SATaskSetTimer.1,483,component | task,description | edittime | id | name | timername,asfp/functionsPackage_3.asfp,241,59_Chemspeed.SATaskSetTimer.1_representative.xml
Chemspeed.SATaskSetVacuum.1,702,component | task,autofillpressure | description | edittime | id | name | pressureunit | switchon | taskdatas | zone,asfp/functionsPackage_0909.asfp,523,60_Chemspeed.SATaskSetVacuum.1_representative.xml
Chemspeed.SATaskSetVariable.1,3480,component | task,clearvariable | description | edittime | elementnumber | elementselectmode | elementsenumeration | enumerationtype | expressiontext | expressiontextnewlines | id | name | numberofelements | sortwells | startindex | variablename | wellsenumeration,asfp/Test03_FIXED2_SetVariable.asfp,173,61_Chemspeed.SATaskSetVariable.1_representative.xml
Chemspeed.SATaskSolidTransfer.1,260,task,aspirationheightexpression | autofilladjustquantity | autofillfiltercoefficient | autofillfinedosingspeed | autofillgdupfinalequilibrationtime | autofillgdupfinedosingacceleration | autofillgdupfinedosingamount | autofillgdupfinedosingamplitude | autofillgdupfinedosingnumsubsteps | autofillgdupfinedosingspeed | autofillgduphighbalancestability | autofillgduproughdosingacceleration | autofillgduproughdosingamplitude | autofillgduproughdosingspeed | autofillgdupspeedmode | autofillgduptolerance | autofillgdupturnbackfullamplitude | autofillmassflow | autofillmassflowunit | autofilloscillatingperiod | autofilloverrun | autofillpreloadadjustment | autofillroughthreshold | autofillroughthresholdunit | autofillunderrun | autofillweight | blowoutheightexpression | compatibility_tag_20100102 | containerrefill | containerspanning | description | destzone | devicetool | dispensedweight | distributionmode | edittime | gdupfinalequilibrationtimeunit | gdupfinedosingaccelerationunit | gdupfinedosingamountunit | gdupfinedosingamplitudeunit | gdupfinedosingspeedunit | gduproughdosingaccelerationunit | gduproughdosingamplitudeunit | gduproughdosingspeedunit | gduptoleranceunit | gduuseautodispense | gduvblowoutlocation | heightexpression | id | isusingexternalbalance | isweightlossmonitoring | massflowunit | name | openposition | oscillatingperiodunit | refillrepetitions | roughthresholdunit | safeclosezone | sdufinedosingspeedunit | sdupreloadadjustmentunit | secondaryweightpropname | sourcezone | storeondeckbalanceweight | teachingfailuremode | tipzone | transferdatas | unmountcontaineratend | unmounttoolatend | useadvancedparams | usesafeclose | useteacheddispensingparams | weightunit,app/20260407 AMR 20260325 SAT Riehen new configuration LUM_AKI_tmp.app,44652,62_Chemspeed.SATaskSolidTransfer.1_representative.xml
Chemspeed.SATaskUserDialog.1,1368,component | task,autodialogheight | buttonoption | defaultpauseafterdialog | description | destzone | dialogheight | dialogtype | dialogwidth | edittime | experimentid | fontsize | highlightzone | hldescriptioncount | hlelementcolor0 | hlelementname0 | hlrootelementname | hlzonecolor | id | initialvalue | interpretmessageasexpressionflag | logtoserver | maxvalidationvalueexpression | maxwaittimeexpression | maxwaittimeunit | message | messagetype | minvalidationvalueexpression | name | noresultexpression | picturepathexpression | productid | resultunit | resultvariablename | runid | severity | softstopping | sourcematerial | targetamountvariable | timeoutanswerexpression | trialnumber | usemonospacedfont | validateinput | yesokresultexpression,asfp/functionsPackage_0828.asfp,1430,63_Chemspeed.SATaskUserDialog.1_representative.xml
Chemspeed.SATaskWait.1,4316,component | task,cancelwait | contacts | description | edittime | id | msgtodisplay | name | time | timername | timeunit | waitmode,asfp/functionsPackage_2.asfp,369,64_Chemspeed.SATaskWait.1_representative.xml
Chemspeed.SAZone.1,5646,zone,edittime | id | name | variables | well,app/config20260909_polymerization.app,389,65_Chemspeed.SAZone.1_representative.xml
Chemspeed.SAZoneManager.1,68,zones,edittime | expanded | id | name | zones,app/config20260909_polymerization.app,82781,66_Chemspeed.SAZoneManager.1_representative.xml
