bytes,edit_times,event_functions,file,function_count,function_ids,function_names,normal_functions,root_tag,sha256
119744,1788360628,0,DynamicTransferVolumectrically.asfp,1,{B3019C3B-CE4E-4BA9-904C-75694AEE3701},Dynamic Transfer Volumectrically,1,functions,470f99a9d26a4ab74a6adb69647c3bf1e4acf7b3cb76ebccf78f7b0a82fce9a2
130358,1788360628,0,DynamicTransferVolumectrically_2.asfp,1,{B3019C3B-CE4E-4BA9-904C-75694AEE3701},Dynamic Transfer Volumectrically,1,functions,7610ed83e166f1379b24cda7e02471971e834bc2d6e92e2a8c0556613c8aa2f6
47434,1787884865,0,GetAspirateChunk.asfp,1,{92ED1B26-C340-4595-9E5F-52B7FFAD00D4},Get Aspirate Chunk,1,functions,9338bef0b631ed74af5a1ca81af59e66616ebf77a98413fe8f3f7256a26fda7d
8534,1787817585,0,GetAspirateChunkVol.asfp,1,{92ED1B26-C340-4595-9E5F-52B7FFAD00D4},Get Aspirate Chunk Vol,1,functions,3171399810f0a2754332ae6dc376f3a5ed851f7a2ed9518410128b80493b8b33
8546,1787817585,0,GetAspirateChunkVol2.asfp,1,{92ED1B26-C340-4595-9E5F-52B7FFAD00D4},Get Aspirate Chunk Vol,1,functions,ba0fbcd3775b512dea30fc166e1ad2bcfd08c91f468d657acd1ffd4a5cb79181
18596,1787791890,0,LoadReagentVolume.asfp,1,{A1BC9BAA-12CC-45F9-9803-64C9C12D9E48},Load Reagent Volume,1,functions,e54f5ef85a8e7353a71922bfe1c02bb836759d22f785edf28a27f165f4d5c392
26154,1787793010,0,LoadReagentVolume2.asfp,1,{A1BC9BAA-12CC-45F9-9803-64C9C12D9E48},Load Reagent Volume,1,functions,f3887369bb0ca10dbd001889bb996e1eb7264ef2a0e3bf49784fc61b5e5b68bd
23189,1787798511,0,LoadReagentVolume3.asfp,1,{A1BC9BAA-12CC-45F9-9803-64C9C12D9E48},Load Reagent Volume,1,functions,b638b1dee8bdb9a5dc81d0a68eed0747a4812025ded97aa767aef3a25c085442
20733,1787299928,0,PrepareGPCSample.asfp,1,{6A0760DB-D60E-4D57-AF7E-8F7A8F489A66},Prepare GPC Sample,1,functions,d00608f09474604edd8b35fe27b93a43d24206f33ca37303faf337be7bf7fe80
1562,1788009769,0,SERVARREFERENCE.asfp,1,{74428D0C-7F96-49A3-901D-BAA12EBCAC87},SER_VAR_REFERENCE,1,functions,bf6831672dbb5da8c21709683a60a47836fd56634644bece31cf328c11db5a1c
50139,1787899749,0,SetISynthDrawerValve.asfp,1,{7E76D1F5-D34C-4B6C-ADB1-1B117B2A3E73},Set ISynth Drawer Valve,1,functions,8089b337059fb537aabdc60bd35d61dfed2b945e18e4b01357e173c5b6cb9674
2252,1787896728,0,TEST05IF_export.asfp,1,{BD325149-FC7D-4EC0-8246-A6E039173181},TEST05_IF,1,functions,a499e29f79ee0d7dfdf52f740b6f45b8b710a16626b9ece69ee9d29ecf4f151f
3651,1788010296,0,TEST06FIXEDIFELSE_export.asfp,1,{9C81AE61-3F5B-4129-B618-1A229781465B},TEST06_FIXED_IF_ELSE,1,functions,e2b1215bda3a23f2f9a4cf26c601ed3078ab35989a291080d9027a82d8ee820b
3174,1788013056,0,TEST10FIXED2DirectIFELSE_export.asfp,1,{9CA81FCF-4F11-42A0-8689-09AB448B93F7},TEST10_FIXED2_DirectIFELSE,1,functions,aadf3b1b40c96969d450fc598363bddca5992f615160c2fd587426c314e0bbc8
840,,0,Test01_EmptyFunction.asfp,1,,TEST01_Empty,1,functions,e80f011fcedfa1c7d195f4ef398469200771cd817ed4da631f8b683ab7b5f637
1453,1788009961,0,Test02_FIXED_LocalVariable.asfp,1,{C51822BE-3440-4A8E-A243-3D63D7541D37},TEST02_FIXED_LocalReal,1,functions,17f90e7885a1931617283d84524a5cc6b28dbf05510401d6d6393e8d54dc446c
1071,,0,Test02_LocalVariable.asfp,1,,TEST02_LocalReal,1,functions,5a55a989d8ac524648884abcd37f45c7231bbdacccb4a9cf3cd3f810437dcba3
1641,1788010293,0,Test03_FIXED2_SetVariable.asfp,1,{CAEE7933-84D8-470B-AD0B-33968C09AD25},TEST03_FIXED2_SetVariable,1,functions,3b07529925efe19bf5131956b78c7d464d65edf13c8da22b6a7ec82690b57e7e
1640,1788010136,0,Test03_FIXED_SetVariable.asfp,1,{9499CF68-1EB0-4273-ADE9-C6DE66D17562},TEST03_FIXED_SetVariable,1,functions,8a39e8c5c69336884691a5c73019488dfd5e32c5ebddd24fe4911804b8aaee63
1282,,0,Test03_SetVariable.asfp,1,,TEST03_SetVariable,1,functions,41dd9d836b1f76f8c42536e134d43ec8465d5f2f4e9ad4f605de3376695a1b01
1969, | ,0,Test04_ExecuteFunction.asfp,2, | ,TEST04_Callee | TEST04_Caller,2,functions,e35995f61ad61126ff113dca42134af57c0498bf8a9de6fafa4cce73743ff582
2673,1788010294 | 1788010294,0,Test04_FIXED_ExecuteFunction.asfp,2,{FA12D29C-CC25-4AA7-A2AC-A58B1941A1B3} | {A40301F5-2D70-4348-8C04-7075FB70F50A},TEST04_FIXED_Callee | TEST04_FIXED_Caller,2,functions,ce615f699f65dffefc439c59a0814e846e24ea992e9109b5cc195e46ba867575
2347,1788010295,0,Test05_FIXED_If.asfp,1,{E4275E67-3DD1-4BD2-A021-8A58028263FA},TEST05_FIXED_IF,1,functions,05bb4d79fb1d8a3cc1e63812e28f35617d7bf16759c53ea8e5a8a95780bc8576
1786,,0,Test05_If.asfp,1,,TEST05_IF,1,functions,efea032cec4737f7b2cb167d3817bd6b75e9d841a847a71cfd1e10f941c10282
2825,1788010296,0,Test06_FIXED_IfElse.asfp,1,{9C81AE61-3F5B-4129-B618-1A229781465B},TEST06_FIXED_IF_ELSE,1,functions,f06ef8560ecba5c12f8bf439a4a59994c75b114cdf336806dd553490fed434b2
2360,,0,Test06_IfElse.asfp,1,,TEST06_IF_ELSE,1,functions,df13fa83423dc056791780eb6a8419544f88639a75f437fbc64826a9d639f1da
2537,1788010297,0,Test07_FIXED_While.asfp,1,{E14BB2DE-15BB-4DA9-B280-CF27412F88C0},TEST07_FIXED_WHILE,1,functions,b9ce3b84b2fea30db2b8a4e6c78fd69249cc502195dc39b161cf94ddc9ef20bc
1808,,0,Test07_While.asfp,1,,TEST07_WHILE,1,functions,529fc1d99eae080a33104a22935130ddbbdbf577ceaa3305dc217cecd9027e18
2116,1788012641 | 1788012641,0,Test08_DirectIf_NoOuterMacro.asfp,2,{9C2A6440-BEFB-4025-A777-58238CD6DD34} | {9CA36140-B8E5-4F2B-813D-C713722E9C64},TEST08_Callee | TEST08_DirectIF,2,functions,cca25778a2b8407a3b6f2e829166a39f8c06e0ec47a596e7700491b640e659d1
2125,1788012642 | 1788012642,0,Test09_DirectWhile_NoOuterMacro.asfp,2,{F1FA3C64-F0EA-488E-9122-B1DD5BE5C09B} | {71E8FBC8-4D30-489B-9BFB-A13115331DFB},TEST09_Callee | TEST09_DirectWHILE,2,functions,5cd85c36a0f3491b7f82c054b21e10ff536386ae596da68d76c6250c883bac4e
2902,1788012643 | 1788012643,0,Test10_DirectIfElse_NoOuterMacro.asfp,2,{5D75BBF2-B27C-4308-8C18-0CB106782130} | {8C5B7345-4D1F-4F43-B4B7-D87B2CF824F3},TEST10_Callee | TEST10_DirectIFELSE,2,functions,6db6fcd93c714514994102a7055c546c190191fe071797b33435f7b351e0965a
3328,1788013056 | 1788013056,0,Test10_FIXED2_IfElse_BranchNested.asfp,2,{FB9223B8-951E-4BE5-9211-359662EBA392} | {9CA81FCF-4F11-42A0-8689-09AB448B93F7},TEST10_FIXED2_Callee | TEST10_FIXED2_DirectIFELSE,2,functions,1bbb3ddae9ded8f02de2c950d2f2b7559c8f1839be7e6da51e9cc5f958a62953
3388,1788013256 | 1788013256,0,Test10_FIXED3_IfElse_ExactStructure.asfp,2,{4B2A6209-7766-430A-AD53-BF976CDD2FD1} | {A7B65F29-791E-4CC6-9C27-1C9F74C97557},TEST10_FIXED3_Callee | TEST10_FIXED3_DirectIFELSE,2,functions,a83a32a8054c46eabcaa240b4f09c74369e465f9c16cc5a69a4ca6a5777ec8a5
1047,1788012644,0,Test11A_RealInOut_DirectSet.asfp,1,{3CF3B024-282B-4ABE-958A-D28998EB1D70},TEST11_A_RealInOut_DirectSet,1,functions,f08e77995c82a5c6e31fd2b832b9f14280c601ce07edf717468237ba8c25bbf2
1079,1788012645,0,Test11B_RealInOut_DirectSet.asfp,1,{92EDFDD3-B4E0-403B-98DB-D2F5D5CB90AC},TEST11_B_RealInOut_DirectSet,1,functions,3965fc753e6f313bece48dcd93af43814adb6734c69371bb540c0cb7e26ba4cd
1149,1788012646,0,Test11C_RealInOut_DirectSet.asfp,1,{BD9BA28D-CA94-4DBC-9391-A880C3351C6C},TEST11_C_RealInOut_DirectSet,1,functions,634274b0f6d3d6f44d062e66dcfbb33492b107ead35066552b5c5a362c5f201b
1577,1788013587,0,Test11_FIXED_RealInOut_DirectSet.asfp,1,{BDA0071A-01A0-4C09-85B7-D6A8C7066381},TEST11_FIXED_RealInOut_DirectSet,1,functions,cb929135cb533808a9aaad67b31e438180ae609bbc05d1ba80c4da1b51fa166d
3245,1788012647 | 1788012647,0,Test12A_CallBinding_RealInOut.asfp,2,{C031E815-7905-462F-8BAB-439EA658BE4B} | {0D6F9050-5A13-4A4B-BC28-98439CDAB736},TEST12_A_Callee | TEST12_A_Caller,2,functions,cd03225f31d4a2fe13f76b7f8cfd9a95e1c800468e7c2c96e91940a14ed53d09
3309,1788012648 | 1788012648,0,Test12B_CallBinding_RealInOut.asfp,2,{148B02D0-F0A9-44AB-B7E8-DD359286095E} | {5C170BF3-A899-4043-B2BF-E1A1E809860D},TEST12_B_Callee | TEST12_B_Caller,2,functions,0917260748d9758fc61b472d57318a5a9335492394bec36bbc6eff02803482b1
3473,1788012649 | 1788012649,0,Test12C_CallBinding_RealInOut.asfp,2,{39AE9ACD-18C1-4DE3-BA70-B05F117E90DF} | {C4315E5E-8585-466F-943C-9791D0A63111},TEST12_C_Callee | TEST12_C_Caller,2,functions,54149f5b7130df8a2cf5bcca2e7216dbd146eb88ebe1244abfdb647daa427923
3997,1788013588 | 1788013588,0,Test12_FIXED_CallBinding_RealInOut.asfp,2,{C2D3D53D-ADF0-43D4-ABE2-21EDAB405F2C} | {2A3B248A-48E1-46CF-AE24-C774D9F6AC39},TEST12_FIXED_Callee | TEST12_FIXED_Caller,2,functions,cb8bc38eeaa2bdc6005be10a6f727869ce7bc7d44b2dfe62b1a0c1d86df52890
5046,1787876614,0,ThrowError.asfp,1,{05B2984D-BC3F-45CB-8A02-D3E5BF5ABC4B},Throw Error,1,functions,449e7d53eedc335a1765b3ccf8534239932b2866257af85e1b615d239845dbf6
2005,1788013859,0,aaa_sequential_zone.asfp,1,{50844BCB-3771-4211-9F39-5DFBCC4256FD},aaa,1,functions,c84f9bf20e02c2d2d9ec6bfde6b48dfbfbad3f74309a5724b3980ed3fa827c49
365406,1788140053 | 1788230606 | 1788228477 | 1787883940 | 1788237251 | 1788230450 | 1788239225 | 1787950677 | 1787884865 | 1787877593 | 1787877115 | 1787877310 | 1787903653 | 1788224060 | 1787948268 | 1787899749 | 1788226316 | 1787876614 | 1787950379 | 1788224123,0,functionsPackage0901.asfp,20,{374DF68E-9169-419F-A6FC-62A318347C5C} | {7D0AD58C-1C98-47C5-AC69-CD9460D372C3} | {718A5C44-CF4E-4560-8548-B2CF885F8DE4} | {FABCE8C0-BC2D-4108-BC1B-5F463ACE0317} | {8B7809ED-EF34-400E-A0A9-EFCB54162DA2} | {2C04EDD2-CFF7-4636-88DB-240DA51711A2} | {B3019C3B-CE4E-4BA9-904C-75694AEE3701} | {C97B9934-BD87-4111-AA18-BC983E583B19} | {92ED1B26-C340-4595-9E5F-52B7FFAD00D4} | {E4913D91-7862-4BB1-8EA5-0CF2D3828384} | {F7AD817E-D46D-4CD6-89FE-CF0BF115B2C7} | {E86925F4-5792-4F78-91CF-8E2F862D93A9} | {6086071D-452C-4B4F-BDE6-91BBDD62E23A} | {0B90EA8D-F12D-4911-B6C3-6B62E91BAC9B} | {CE003A2E-D4CA-4676-84F9-B1AB60D482F3} | {7E76D1F5-D34C-4B6C-ADB1-1B117B2A3E73} | {7F0E9267-EBD8-48A8-A6BA-ADED13DD2F2A} | {05B2984D-BC3F-45CB-8A02-D3E5BF5ABC4B} | {F76E9D50-1DDB-46DD-8D0B-EDFD60AA5D17} | {1769AFEC-A51E-4024-BEE9-FEFB4E863C4D},_Aspirate | _Dispense | Aspirate From Source | Check Well Interlock | Dispense Chunk | Dispense To Destination | Dynamic Transfer Volumectrically | Export Wells Log | Get Aspirate Chunk | Get ISynth Drawer Index | Get Parent Element Name | Get Single Well ID | Get Well Zone With Index | Report Error | Set ISynth Drawer State | Set ISynth Drawer Valve | Syringe Capasity | Throw Error | Write Well Log | Zone Resolv,20,functions,616197eeb8825551748df40aad7610a569e7e7f8da938558c080c12b2b721a31
68376,1787296408 | 1787798511,0,functionsPackage2.asfp,2,{E3E00281-F34D-43AF-92BE-D837004E0033} | {A1BC9BAA-12CC-45F9-9803-64C9C12D9E48},__main | Load Reagent Volume,2,functions,f7ec5a346cf062a080cdcc5ed13fdbec642abb861881f378bdffae02af64c74a
129082,1787894882 | 1787894985 | 1787893598 | 1787883940 | 1787884865 | 1787877593 | 1787877115 | 1787877310 | 1787876614,0,functionsPackage_0828.asfp,9,{374DF68E-9169-419F-A6FC-62A318347C5C} | {7D0AD58C-1C98-47C5-AC69-CD9460D372C3} | {718A5C44-CF4E-4560-8548-B2CF885F8DE4} | {FABCE8C0-BC2D-4108-BC1B-5F463ACE0317} | {92ED1B26-C340-4595-9E5F-52B7FFAD00D4} | {E4913D91-7862-4BB1-8EA5-0CF2D3828384} | {F7AD817E-D46D-4CD6-89FE-CF0BF115B2C7} | {E86925F4-5792-4F78-91CF-8E2F862D93A9} | {05B2984D-BC3F-45CB-8A02-D3E5BF5ABC4B},_Aspirate | _Dispence | Aspirate From Source | Check Well Interlock | Get Aspirate Chunk | Get ISynth Drawer Index | Get Parent Element Name | Get Single Well ID | Throw Error,9,functions,0f667a4549d73f634c0012b4bfc156cf9732e7f6fb1c9f647e42c274637b214f
24940,1787903748 | 1787903653,0,functionsPackage_0828_03.asfp,2,{8B7809ED-EF34-400E-A0A9-EFCB54162DA2} | {6086071D-452C-4B4F-BDE6-91BBDD62E23A},Dispense Chunk | Get Well Zone With Index,2,functions,87d02b810851d60e909456427a74e373de466644daa1d839c0fcb395ab1afac9
188927,1787894882 | 1787897856 | 1787898871 | 1787883940 | 1787898961 | 1787884865 | 1787877593 | 1787877115 | 1787877310 | 1787899749 | 1787876614,0,functionsPackage_0828_2.asfp,11,{374DF68E-9169-419F-A6FC-62A318347C5C} | {7D0AD58C-1C98-47C5-AC69-CD9460D372C3} | {718A5C44-CF4E-4560-8548-B2CF885F8DE4} | {FABCE8C0-BC2D-4108-BC1B-5F463ACE0317} | {2C04EDD2-CFF7-4636-88DB-240DA51711A2} | {92ED1B26-C340-4595-9E5F-52B7FFAD00D4} | {E4913D91-7862-4BB1-8EA5-0CF2D3828384} | {F7AD817E-D46D-4CD6-89FE-CF0BF115B2C7} | {E86925F4-5792-4F78-91CF-8E2F862D93A9} | {7E76D1F5-D34C-4B6C-ADB1-1B117B2A3E73} | {05B2984D-BC3F-45CB-8A02-D3E5BF5ABC4B},_Aspirate | _Dispense | Aspirate From Source | Check Well Interlock | Dispense To Destination | Get Aspirate Chunk | Get ISynth Drawer Index | Get Parent Element Name | Get Single Well ID | Set ISynth Drawer Valve | Throw Error,11,functions,2512fc6b9be32d664ce39af9ad9190af1a0ae6d93b1eca64859e5991bef44a00
185453,1787708960 | 1787300152 | 1787299967 | 1788224060 | 1787709317 | 1787711012 | 1787280441 | 1787038944 | 1787299905 | 1787948268 | 1787899749 | 1788226316 | 1787300388 | 1787876614 | 1787285521 | 1787285568 | 1787299957 | 1787950379 | 1788224123,0,functionsPackage_0909.asfp,19,{74A16D54-E959-4E1E-B06C-C893F679C5EC} | {A70085A1-71A1-498F-96F1-76AEB259D013} | {3A15909C-84AF-4391-88AF-1C319503601A} | {0B90EA8D-F12D-4911-B6C3-6B62E91BAC9B} | {5B8514D7-3FB1-4F0A-84D5-876C338F8605} | {6CDE63C2-F985-493C-9448-82EA027CA5CF} | {AA2DF4A7-59CF-4B66-A38B-B3C906FA8C28} | {884C7B17-0C79-4921-922F-C39A8536870F} | {DE6D061F-54C0-46C9-920E-17C2CBB56BA4} | {CE003A2E-D4CA-4676-84F9-B1AB60D482F3} | {7E76D1F5-D34C-4B6C-ADB1-1B117B2A3E73} | {7F0E9267-EBD8-48A8-A6BA-ADED13DD2F2A} | {1B04DCA2-4E5A-4BBE-AC27-3B11B1A9FC2B} | {05B2984D-BC3F-45CB-8A02-D3E5BF5ABC4B} | {9648806D-EF39-459A-B982-7E2D18C96097} | {08CCCC89-D643-4945-BE27-7622B8DEFC9A} | {AF5AF007-3093-453F-8168-6A3AD46079DE} | {F76E9D50-1DDB-46DD-8D0B-EDFD60AA5D17} | {1769AFEC-A51E-4024-BEE9-FEFB4E863C4D},__GPC_InjectPort | Priming 1st 2nd Syringe | Purge Reactor | Report Error | Run GPC Analysis | Run GPC Analysis XXX | Run HPLC | Run MALS | Sample and Run GPC | Set ISynth Drawer State | Set ISynth Drawer Valve | Syringe Capasity | Test Reactor Valve | Throw Error | util Get Time Stamp | util Make Csv | Validate Polymerization Zone | Write Well Log | Zone Resolv,19,functions,f891feff8c323af1b80140c4fbe2526fc80087d650bdf7fd29b86ad44e0b724b
109115,1787282618 | 1787282628 | 1785378997 | 1785379006 | 1787120578 | 1787119590 | 1785379278 | 1785379286 | 1785379299 | 1785226043 | 1785225606 | 1787285692 | 1787285674 | 1787280674 | 1787280441 | 1787038944 | 1787285521 | 1787285568,2,functionsPackage_2.asfp,18,{74A16D54-E959-4E1E-B06C-C893F679C5EC} | {2A12F404-4EF1-4EED-AABD-EFB5DA3B1E99} | {DE72B435-9F86-44DB-8B7D-73AC69E41C46} | {766F368D-1AA0-4849-91C9-38EE8C58B42B} | {B76B23F3-951F-4764-970D-5A60DCAA2A52} | {4C1C2CF5-B095-44FA-BB2A-35FEE1C11396} | {CD0FA38B-82D4-4C1C-8F66-015E3E8961BF} | {001DCE1D-8E2A-410A-B5E2-72081E9EE4C3} | {FA7FAD29-AC99-4587-91E1-FB12500B209E} | {32BB977D-8E8A-4E7B-9C8B-13B8F9178EFA} | {5D569849-4E6F-4B11-88C2-B0AE7D8EAD63} | {9E0C4A0C-8660-4DFC-B798-00FD254EC2F4} | {4FB3F3B2-C896-4F14-BB2C-7A846E514DDF} | {5B8514D7-3FB1-4F0A-84D5-876C338F8605} | {AA2DF4A7-59CF-4B66-A38B-B3C906FA8C28} | {884C7B17-0C79-4921-922F-C39A8536870F} | {9648806D-EF39-459A-B982-7E2D18C96097} | {08CCCC89-D643-4945-BE27-7622B8DEFC9A},__GPC_port_injection | __GPC_port_wash | __GPC_set_inject | __GPC_set_load | Dilute and Mixing | Mixing With Needle2 | N2 Closed | N2 Control | N2 Open | EVENT:5 | EVENT:2 | Priming #2 Port F | Priming All Port E | Run GPC Analysis | Run HPLC | Run MALS | util Get Time Stamp | util Make Csv,16,functions,fddcffdaeaad2eef89e3f315c13abd91259a7988ca655f3b54306ed46867ee2b
380224,1787282618 | 1787282628 | 1785378997 | 1785379006 | 1787296408 | 1787296033 | 1787120578 | 1787119590 | 1785379278 | 1785379286 | 1785379299 | 1785226043 | 1785225606 | 1787285692 | 1787292751 | 1787293203 | 1787295737 | 1787280674 | 1787280441 | 1787038944 | 1787295896 | 1787285521 | 1787285568,2,functionsPackage_3.asfp,23,{74A16D54-E959-4E1E-B06C-C893F679C5EC} | {2A12F404-4EF1-4EED-AABD-EFB5DA3B1E99} | {DE72B435-9F86-44DB-8B7D-73AC69E41C46} | {766F368D-1AA0-4849-91C9-38EE8C58B42B} | {E3E00281-F34D-43AF-92BE-D837004E0033} | {AF5AF007-3093-453F-8168-6A3AD46079DE} | {B76B23F3-951F-4764-970D-5A60DCAA2A52} | {4C1C2CF5-B095-44FA-BB2A-35FEE1C11396} | {CD0FA38B-82D4-4C1C-8F66-015E3E8961BF} | {001DCE1D-8E2A-410A-B5E2-72081E9EE4C3} | {FA7FAD29-AC99-4587-91E1-FB12500B209E} | {32BB977D-8E8A-4E7B-9C8B-13B8F9178EFA} | {5D569849-4E6F-4B11-88C2-B0AE7D8EAD63} | {9E0C4A0C-8660-4DFC-B798-00FD254EC2F4} | {A70085A1-71A1-498F-96F1-76AEB259D013} | {4FB3F3B2-C896-4F14-BB2C-7A846E514DDF} | {3A15909C-84AF-4391-88AF-1C319503601A} | {5B8514D7-3FB1-4F0A-84D5-876C338F8605} | {AA2DF4A7-59CF-4B66-A38B-B3C906FA8C28} | {884C7B17-0C79-4921-922F-C39A8536870F} | {1B04DCA2-4E5A-4BBE-AC27-3B11B1A9FC2B} | {9648806D-EF39-459A-B982-7E2D18C96097} | {08CCCC89-D643-4945-BE27-7622B8DEFC9A},__GPC_port_injection | __GPC_port_wash | __GPC_set_inject | __GPC_set_load | __main | Check Zone | Dilute and Mixing | Mixing With Needle2 | N2 Closed | N2 Control | N2 Open | EVENT:5 | EVENT:2 | Priming #2 Port F | Priming 1 mL Syringe | Priming All Port E | Purging Reactor | Run GPC Analysis | Run HPLC | Run MALS | Test Reactor | util Get Time Stamp | util Make Csv,21,functions,848db2f841b7a80a1b80dc103184ebe25ea1bf4362795eb18bf6c1c8d85adec5
228767,1787282618 | 1787282628 | 1785378997 | 1785379006 | 1787296408 | 1787297145 | 1787120578 | 1787298712 | 1787119590 | 1785379278 | 1785379286 | 1785379299 | 1785226043 | 1785225606 | 1787298388 | 1787292751 | 1787293203 | 1787295737 | 1787280674 | 1787280441 | 1787038944 | 1787298328 | 1787295896 | 1787285521 | 1787285568,2,functionsPackage_4.asfp,25,{74A16D54-E959-4E1E-B06C-C893F679C5EC} | {2A12F404-4EF1-4EED-AABD-EFB5DA3B1E99} | {DE72B435-9F86-44DB-8B7D-73AC69E41C46} | {766F368D-1AA0-4849-91C9-38EE8C58B42B} | {E3E00281-F34D-43AF-92BE-D837004E0033} | {AF5AF007-3093-453F-8168-6A3AD46079DE} | {B76B23F3-951F-4764-970D-5A60DCAA2A52} | {DE6D061F-54C0-46C9-920E-17C2CBB56BA4} | {4C1C2CF5-B095-44FA-BB2A-35FEE1C11396} | {CD0FA38B-82D4-4C1C-8F66-015E3E8961BF} | {001DCE1D-8E2A-410A-B5E2-72081E9EE4C3} | {FA7FAD29-AC99-4587-91E1-FB12500B209E} | {32BB977D-8E8A-4E7B-9C8B-13B8F9178EFA} | {5D569849-4E6F-4B11-88C2-B0AE7D8EAD63} | {9E0C4A0C-8660-4DFC-B798-00FD254EC2F4} | {A70085A1-71A1-498F-96F1-76AEB259D013} | {4FB3F3B2-C896-4F14-BB2C-7A846E514DDF} | {3A15909C-84AF-4391-88AF-1C319503601A} | {5B8514D7-3FB1-4F0A-84D5-876C338F8605} | {AA2DF4A7-59CF-4B66-A38B-B3C906FA8C28} | {884C7B17-0C79-4921-922F-C39A8536870F} | {6A0760DB-D60E-4D57-AF7E-8F7A8F489A66} | {1B04DCA2-4E5A-4BBE-AC27-3B11B1A9FC2B} | {9648806D-EF39-459A-B982-7E2D18C96097} | {08CCCC89-D643-4945-BE27-7622B8DEFC9A},__GPC_port_injection | __GPC_port_wash | __GPC_set_inject | __GPC_set_load | __main | Check Zone | Dilute and Mixing | Measurement GPC | Mixing With Needle2 | N2 Closed | N2 Control | N2 Open | EVENT:5 | EVENT:2 | Priming #2 Port F | Priming 1 mL Syringe | Priming All Port E | Purging Reactor | Run GPC Analysis | Run HPLC | Run MALS | Sampling and Dilute | Test Reactor | util Get Time Stamp | util Make Csv,23,functions,d3f25d2d52b11538d14960fc7b2d821c0ee71c3014ae4dcea713a6595e0efcc6
229993,1787300087 | 1787300109 | 1787300117 | 1787300100 | 1787296408 | 1787300361 | 1787300351 | 1785379278 | 1785379286 | 1785379299 | 1785226043 | 1785225606 | 1787299928 | 1787300023 | 1787299986 | 1787300152 | 1787299967 | 1787280674 | 1787280441 | 1787038944 | 1787299905 | 1787300388 | 1787285521 | 1787285568 | 1787299957,2,functionsPackage_5.asfp,25,{74A16D54-E959-4E1E-B06C-C893F679C5EC} | {DE72B435-9F86-44DB-8B7D-73AC69E41C46} | {766F368D-1AA0-4849-91C9-38EE8C58B42B} | {2A12F404-4EF1-4EED-AABD-EFB5DA3B1E99} | {E3E00281-F34D-43AF-92BE-D837004E0033} | {B76B23F3-951F-4764-970D-5A60DCAA2A52} | {4C1C2CF5-B095-44FA-BB2A-35FEE1C11396} | {CD0FA38B-82D4-4C1C-8F66-015E3E8961BF} | {001DCE1D-8E2A-410A-B5E2-72081E9EE4C3} | {FA7FAD29-AC99-4587-91E1-FB12500B209E} | {32BB977D-8E8A-4E7B-9C8B-13B8F9178EFA} | {5D569849-4E6F-4B11-88C2-B0AE7D8EAD63} | {6A0760DB-D60E-4D57-AF7E-8F7A8F489A66} | {9E0C4A0C-8660-4DFC-B798-00FD254EC2F4} | {4FB3F3B2-C896-4F14-BB2C-7A846E514DDF} | {A70085A1-71A1-498F-96F1-76AEB259D013} | {3A15909C-84AF-4391-88AF-1C319503601A} | {5B8514D7-3FB1-4F0A-84D5-876C338F8605} | {AA2DF4A7-59CF-4B66-A38B-B3C906FA8C28} | {884C7B17-0C79-4921-922F-C39A8536870F} | {DE6D061F-54C0-46C9-920E-17C2CBB56BA4} | {1B04DCA2-4E5A-4BBE-AC27-3B11B1A9FC2B} | {9648806D-EF39-459A-B982-7E2D18C96097} | {08CCCC89-D643-4945-BE27-7622B8DEFC9A} | {AF5AF007-3093-453F-8168-6A3AD46079DE},__GPC_InjectPort | __GPC_SetInject | __GPC_SetLoad | __GPC_WashPort | __main | Dilute and Mix | Mix With Needle2 | N2 Closed | N2 Control | N2 Open | EVENT:5 | EVENT:2 | Prepare GPC Sample | Prime 2nd Sringe Port F | Prime All Port E | Priming 1st 2nd Syringe | Purge Reactor | Run GPC Analysis | Run HPLC | Run MALS | Sample and Run GPC | Test Reactor Valve | util Get Time Stamp | util Make Csv | Validate Polymerization Zone,23,functions,616144f56d51bc87813c76e0641a8364bd0ade6dc2bad5cd676636d48cbe8a42
233072,1787300087 | 1787300109 | 1787300117 | 1787300100 | 1787296408 | 1787300361 | 1787300351 | 1785379278 | 1785379286 | 1785379299 | 1785226043 | 1785225606 | 1787299928 | 1787300023 | 1787299986 | 1787300152 | 1787299967 | 1787280674 | 1787280441 | 1787038944 | 1787299905 | 1787300388 | 1787285521 | 1787285568 | 1787299957,2,functionsPackage_6.asfp,25,{74A16D54-E959-4E1E-B06C-C893F679C5EC} | {DE72B435-9F86-44DB-8B7D-73AC69E41C46} | {766F368D-1AA0-4849-91C9-38EE8C58B42B} | {2A12F404-4EF1-4EED-AABD-EFB5DA3B1E99} | {E3E00281-F34D-43AF-92BE-D837004E0033} | {B76B23F3-951F-4764-970D-5A60DCAA2A52} | {4C1C2CF5-B095-44FA-BB2A-35FEE1C11396} | {CD0FA38B-82D4-4C1C-8F66-015E3E8961BF} | {001DCE1D-8E2A-410A-B5E2-72081E9EE4C3} | {FA7FAD29-AC99-4587-91E1-FB12500B209E} | {32BB977D-8E8A-4E7B-9C8B-13B8F9178EFA} | {5D569849-4E6F-4B11-88C2-B0AE7D8EAD63} | {6A0760DB-D60E-4D57-AF7E-8F7A8F489A66} | {9E0C4A0C-8660-4DFC-B798-00FD254EC2F4} | {4FB3F3B2-C896-4F14-BB2C-7A846E514DDF} | {A70085A1-71A1-498F-96F1-76AEB259D013} | {3A15909C-84AF-4391-88AF-1C319503601A} | {5B8514D7-3FB1-4F0A-84D5-876C338F8605} | {AA2DF4A7-59CF-4B66-A38B-B3C906FA8C28} | {884C7B17-0C79-4921-922F-C39A8536870F} | {DE6D061F-54C0-46C9-920E-17C2CBB56BA4} | {1B04DCA2-4E5A-4BBE-AC27-3B11B1A9FC2B} | {9648806D-EF39-459A-B982-7E2D18C96097} | {08CCCC89-D643-4945-BE27-7622B8DEFC9A} | {AF5AF007-3093-453F-8168-6A3AD46079DE},__GPC_InjectPort | __GPC_SetInject | __GPC_SetLoad | __GPC_WashPort | __main | Dilute and Mix | Mix With Needle2 | N2 Closed | N2 Control | N2 Open | EVENT:5 | EVENT:2 | Prepare GPC Sample | Prime 2nd Sringe Port F | Prime All Port E | Priming 1st 2nd Syringe | Purge Reactor | Run GPC Analysis | Run HPLC | Run MALS | Sample and Run GPC | Test Reactor Valve | util Get Time Stamp | util Make Csv | Validate Polymerization Zone,23,functions,ce827211bb9bcafeac6b713d443e801c9d54f93f25c570dd0778d131bc8db48c
223230,1787894882 | 1787897856 | 1787898871 | 1787883940 | 1787903748 | 1787902042 | 1787884865 | 1787877593 | 1787877115 | 1787877310 | 1787903653 | 1787899749 | 1787876614,0,functionsPackage_all.asfp,13,{374DF68E-9169-419F-A6FC-62A318347C5C} | {7D0AD58C-1C98-47C5-AC69-CD9460D372C3} | {718A5C44-CF4E-4560-8548-B2CF885F8DE4} | {FABCE8C0-BC2D-4108-BC1B-5F463ACE0317} | {8B7809ED-EF34-400E-A0A9-EFCB54162DA2} | {2C04EDD2-CFF7-4636-88DB-240DA51711A2} | {92ED1B26-C340-4595-9E5F-52B7FFAD00D4} | {E4913D91-7862-4BB1-8EA5-0CF2D3828384} | {F7AD817E-D46D-4CD6-89FE-CF0BF115B2C7} | {E86925F4-5792-4F78-91CF-8E2F862D93A9} | {6086071D-452C-4B4F-BDE6-91BBDD62E23A} | {7E76D1F5-D34C-4B6C-ADB1-1B117B2A3E73} | {05B2984D-BC3F-45CB-8A02-D3E5BF5ABC4B},_Aspirate | _Dispense | Aspirate From Source | Check Well Interlock | Dispense Chunk | Dispense To Destination | Get Aspirate Chunk | Get ISynth Drawer Index | Get Parent Element Name | Get Single Well ID | Get Well Zone With Index | Set ISynth Drawer Valve | Throw Error,13,functions,5b82586d42cf265fe9a8ec08d2f6715aa5f678a91c9644fa1ca48065dcaaf140
1535,1788010294 | 1788010294,0,functionsPackage_callee_caller.asfp,2,{FA12D29C-CC25-4AA7-A2AC-A58B1941A1B3} | {A40301F5-2D70-4348-8C04-7075FB70F50A},TEST04_FIXED_Callee | TEST04_FIXED_Caller,2,functions,0f4454da896a7e676fe0eb3a08fbc4601517aa5931376ba91bb8fa810732941b
4292,1788013319 | 1788013366,0,functionsPackage_callee_caller_2.asfp,2,{5D9BE9D4-A91D-4B4C-AC01-CF5DB73D6787} | {D0058DB2-4327-4D09-AF9F-2D53F581F596},SER_IO_CALLEE | SER_IO_CALLER,2,functions,46358c653ea90b55791c58cff22a28a9940d9289b9081b69c083cab1df903ffc
16938,1787296408 | 1787817585,0,get_chunk.asfp,2,{E3E00281-F34D-43AF-92BE-D837004E0033} | {92ED1B26-C340-4595-9E5F-52B7FFAD00D4},__main | Get Aspirate Chunk Vol,2,functions,a5f26e8af079d6645c73cbaa3952d6bfbb17a58beccbec19a8422aab19d02e67
