app,app_time,canonical_latest_name,observed_name,function_id,edit_time,structural_hash,component_count
config20260827.app,2026-08-28T06:57:12+09:00,Load Reagent Table,Load Reagent Table,{A1BC9BAA-12CC-45F9-9803-64C9C12D9E48},1787810331,5e0bcd93411a9ceffa69f1008d92ca719ddf8769ab60e9320b3dbc31152d78ef,1
config20260827.app,2026-08-28T06:57:12+09:00,Load Reagent,Load Reagent,{F138C597-BFBF-458B-ADF0-309FE6509480},1787810605,90b875041b4659a0e3e4302a82958feab0085d6814967392a318d4b512bd1255,1
config20260827.app,2026-08-28T06:57:12+09:00,Dynamic Transfer Volumectrically,Dynamic Transfer Volumectrically,{B3019C3B-CE4E-4BA9-904C-75694AEE3701},1787813226,5ae17f3ed11f9d36cf3f190b96e3ea6e6400af71de482c12c4dbb4c7147c3660,0
config20260827.app,2026-08-28T06:57:12+09:00,Get Aspirate Chunk,Get Aspirate Chunk Vol,{92ED1B26-C340-4595-9E5F-52B7FFAD00D4},1787817585,4bc89ba5309a6b67f0f7381104b0c71fada5d3e865f2179adffb844e29aa648e,1
config20260828.app,2026-08-28T09:17:35+09:00,Load Reagent Table,Load Reagent Table,{A1BC9BAA-12CC-45F9-9803-64C9C12D9E48},1787810331,5e0bcd93411a9ceffa69f1008d92ca719ddf8769ab60e9320b3dbc31152d78ef,1
config20260828.app,2026-08-28T09:17:35+09:00,Load Reagent,Load Reagent,{F138C597-BFBF-458B-ADF0-309FE6509480},1787810605,90b875041b4659a0e3e4302a82958feab0085d6814967392a318d4b512bd1255,1
config20260828.app,2026-08-28T09:17:35+09:00,Dynamic Transfer Volumectrically,Dynamic Transfer Volumectrically,{B3019C3B-CE4E-4BA9-904C-75694AEE3701},1787813226,5ae17f3ed11f9d36cf3f190b96e3ea6e6400af71de482c12c4dbb4c7147c3660,0
config20260828.app,2026-08-28T09:17:35+09:00,Get Aspirate Chunk,Get Aspirate Chunk Vol,{92ED1B26-C340-4595-9E5F-52B7FFAD00D4},1787817585,4bc89ba5309a6b67f0f7381104b0c71fada5d3e865f2179adffb844e29aa648e,1
config20260829.app,2026-08-29T22:42:34+09:00,Load Reagent Table,Load Reagent Table,{A1BC9BAA-12CC-45F9-9803-64C9C12D9E48},1787810331,5e0bcd93411a9ceffa69f1008d92ca719ddf8769ab60e9320b3dbc31152d78ef,1
config20260829.app,2026-08-29T22:42:34+09:00,Load Reagent,Load Reagent,{F138C597-BFBF-458B-ADF0-309FE6509480},1787810605,90b875041b4659a0e3e4302a82958feab0085d6814967392a318d4b512bd1255,1
config20260829.app,2026-08-29T22:42:34+09:00,Dynamic Transfer Volumectrically,Dynamic Transfer Volumectrically,{B3019C3B-CE4E-4BA9-904C-75694AEE3701},1787813226,5ae17f3ed11f9d36cf3f190b96e3ea6e6400af71de482c12c4dbb4c7147c3660,0
config20260829.app,2026-08-29T22:42:34+09:00,Get Aspirate Chunk,Get Aspirate Chunk,{92ED1B26-C340-4595-9E5F-52B7FFAD00D4},1787884865,266ee46809a361eebaed09eacbeb2f7eac380b4d29359f599365cc32c3034a6f,1
config20260829.app,2026-08-29T22:42:34+09:00,Throw Error,Throw Error,{05B2984D-BC3F-45CB-8A02-D3E5BF5ABC4B},1787876614,672737012dac0d284d8552a86a13e7f3b6e34ba34447cbb7a21118a6ce249d98,1
config20260829.app,2026-08-29T22:42:34+09:00,Aspirate From Source,Aspirate From Source,{718A5C44-CF4E-4560-8548-B2CF885F8DE4},1787948799,db6ad0df788d2b183a222150c813250be2f040a5607be155089ad65dc6617713,1
config20260829.app,2026-08-29T22:42:34+09:00,Set ISynth Drawer Valve,Set ISynth Drawer Valve,{7E76D1F5-D34C-4B6C-ADB1-1B117B2A3E73},1787899749,ffadc87b8afc137252ab454200eb5264c632299b36e263ea179905a276568d3d,1
config20260829.app,2026-08-29T22:42:34+09:00,Dispense Chunk,Dispense Chunk,{8B7809ED-EF34-400E-A0A9-EFCB54162DA2},1787903748,b1a0bb9a23dc5622b60b13e6b100be63955f4ba7cb5334a425714f081d2f0ed1,1
config20260829.app,2026-08-29T22:42:34+09:00,Get Well Zone With Index,Get Well Zone With Index,{6086071D-452C-4B4F-BDE6-91BBDD62E23A},1787903653,624b0ada76ff2b8cca4533e9c1e35e2e5f057aef3b677c77a73e1fc76f43c867,1
config20260829.app,2026-08-29T22:42:34+09:00,Set ISynth Drawer State,Set ISynth Drawer State,{CE003A2E-D4CA-4676-84F9-B1AB60D482F3},1787948268,27c0bd376102a4db997f26878991722446006efa01429b4291caa31dbba3f305,1
config20260831.app,2026-09-01T13:59:19+09:00,Load Reagent Table,Load Reagent Table,{A1BC9BAA-12CC-45F9-9803-64C9C12D9E48},1787810331,5e0bcd93411a9ceffa69f1008d92ca719ddf8769ab60e9320b3dbc31152d78ef,1
config20260831.app,2026-09-01T13:59:19+09:00,Load Reagent,Load Reagent,{F138C597-BFBF-458B-ADF0-309FE6509480},1787810605,90b875041b4659a0e3e4302a82958feab0085d6814967392a318d4b512bd1255,1
config20260831.app,2026-09-01T13:59:19+09:00,Dynamic Transfer Volumectrically,Dynamic Transfer Volumectrically,{B3019C3B-CE4E-4BA9-904C-75694AEE3701},1788237974,c460c8be3c117167c5004f2523d9b6691b1e368a382f7119f41b0380dfd7d9d8,1
config20260831.app,2026-09-01T13:59:19+09:00,Get Aspirate Chunk,Get Aspirate Chunk,{92ED1B26-C340-4595-9E5F-52B7FFAD00D4},1787884865,0868e758b54af21562042ed1a515ae4f659b07159591df8e3e3db2a8e1e737e1,1
config20260831.app,2026-09-01T13:59:19+09:00,Throw Error,Throw Error,{05B2984D-BC3F-45CB-8A02-D3E5BF5ABC4B},1787876614,76d13a5c9a38e5feff2b732fabf262d86042d04a5009115ae6fba885de47dd5c,1
config20260831.app,2026-09-01T13:59:19+09:00,Aspirate From Source,Aspirate From Source,{718A5C44-CF4E-4560-8548-B2CF885F8DE4},1788228477,3d7a652fcd0ca6eaf0fae168c45fc0b43e18920fe3d07a583f249d49943e3702,1
config20260831.app,2026-09-01T13:59:19+09:00,Set ISynth Drawer Valve,Set ISynth Drawer Valve,{7E76D1F5-D34C-4B6C-ADB1-1B117B2A3E73},1787899749,cbe0cb3fc1270ab7a83e18a6fb3e49974522a5060fbce3a2c008b042d1c2701a,1
config20260831.app,2026-09-01T13:59:19+09:00,Dispense Chunk,Dispense Chunk,{8B7809ED-EF34-400E-A0A9-EFCB54162DA2},1788237251,c5d9cefd83e28fc71dff4a516a2abe52519baf57622a119e51fb7af6e73fe74d,1
config20260831.app,2026-09-01T13:59:19+09:00,Get Well Zone With Index,Get Well Zone With Index,{6086071D-452C-4B4F-BDE6-91BBDD62E23A},1787903653,624b0ada76ff2b8cca4533e9c1e35e2e5f057aef3b677c77a73e1fc76f43c867,1
config20260831.app,2026-09-01T13:59:19+09:00,Set ISynth Drawer State,Set ISynth Drawer State,{CE003A2E-D4CA-4676-84F9-B1AB60D482F3},1787948268,633860da96be1d9914de7b65020f6be1f099361335c554824f804100a4a41ccf,1
config20260831.app,2026-09-01T13:59:19+09:00,Report Error,Report Error,{0B90EA8D-F12D-4911-B6C3-6B62E91BAC9B},1788224060,3f71a2acd070a808234cb571e48bc68da3a94a7eaef372c1c631ece5d488a8f6,1
config20260901.app,2026-09-01T15:55:36+09:00,Load Reagent Table,Load Reagent Table,{A1BC9BAA-12CC-45F9-9803-64C9C12D9E48},1787810331,5e0bcd93411a9ceffa69f1008d92ca719ddf8769ab60e9320b3dbc31152d78ef,1
config20260901.app,2026-09-01T15:55:36+09:00,Load Reagent,Load Reagent,{F138C597-BFBF-458B-ADF0-309FE6509480},1787810605,90b875041b4659a0e3e4302a82958feab0085d6814967392a318d4b512bd1255,1
config20260901.app,2026-09-01T15:55:36+09:00,Dynamic Transfer Volumectrically,Dynamic Transfer Volumectrically,{B3019C3B-CE4E-4BA9-904C-75694AEE3701},1788239225,71ed2bbbabb160e5eb9464a99808e87ac4b6590402c9a960e5e1491a72eb7a5b,1
config20260901.app,2026-09-01T15:55:36+09:00,Get Aspirate Chunk,Get Aspirate Chunk,{92ED1B26-C340-4595-9E5F-52B7FFAD00D4},1787884865,0868e758b54af21562042ed1a515ae4f659b07159591df8e3e3db2a8e1e737e1,1
config20260901.app,2026-09-01T15:55:36+09:00,Throw Error,Throw Error,{05B2984D-BC3F-45CB-8A02-D3E5BF5ABC4B},1787876614,76d13a5c9a38e5feff2b732fabf262d86042d04a5009115ae6fba885de47dd5c,1
config20260901.app,2026-09-01T15:55:36+09:00,Aspirate From Source,Aspirate From Source,{718A5C44-CF4E-4560-8548-B2CF885F8DE4},1788228477,3d7a652fcd0ca6eaf0fae168c45fc0b43e18920fe3d07a583f249d49943e3702,1
config20260901.app,2026-09-01T15:55:36+09:00,Set ISynth Drawer Valve,Set ISynth Drawer Valve,{7E76D1F5-D34C-4B6C-ADB1-1B117B2A3E73},1787899749,cbe0cb3fc1270ab7a83e18a6fb3e49974522a5060fbce3a2c008b042d1c2701a,1
config20260901.app,2026-09-01T15:55:36+09:00,Dispense Chunk,Dispense Chunk,{8B7809ED-EF34-400E-A0A9-EFCB54162DA2},1788237251,c5d9cefd83e28fc71dff4a516a2abe52519baf57622a119e51fb7af6e73fe74d,1
config20260901.app,2026-09-01T15:55:36+09:00,Get Well Zone With Index,Get Well Zone With Index,{6086071D-452C-4B4F-BDE6-91BBDD62E23A},1787903653,624b0ada76ff2b8cca4533e9c1e35e2e5f057aef3b677c77a73e1fc76f43c867,1
config20260901.app,2026-09-01T15:55:36+09:00,Set ISynth Drawer State,Set ISynth Drawer State,{CE003A2E-D4CA-4676-84F9-B1AB60D482F3},1787948268,633860da96be1d9914de7b65020f6be1f099361335c554824f804100a4a41ccf,1
config20260901.app,2026-09-01T15:55:36+09:00,Report Error,Report Error,{0B90EA8D-F12D-4911-B6C3-6B62E91BAC9B},1788224060,3f71a2acd070a808234cb571e48bc68da3a94a7eaef372c1c631ece5d488a8f6,1
config20260902.app,2026-09-02T13:28:12+09:00,Load Reagent Table,Load Reagent Table,{A1BC9BAA-12CC-45F9-9803-64C9C12D9E48},1787810331,5e0bcd93411a9ceffa69f1008d92ca719ddf8769ab60e9320b3dbc31152d78ef,1
config20260902.app,2026-09-02T13:28:12+09:00,Load Reagent,Load Reagent,{F138C597-BFBF-458B-ADF0-309FE6509480},1787810605,90b875041b4659a0e3e4302a82958feab0085d6814967392a318d4b512bd1255,1
config20260902.app,2026-09-02T13:28:12+09:00,Dynamic Transfer Volumectrically,Dynamic Transfer Volumectrically,{B3019C3B-CE4E-4BA9-904C-75694AEE3701},1788239225,71ed2bbbabb160e5eb9464a99808e87ac4b6590402c9a960e5e1491a72eb7a5b,1
config20260902.app,2026-09-02T13:28:12+09:00,Get Aspirate Chunk,Get Aspirate Chunk,{92ED1B26-C340-4595-9E5F-52B7FFAD00D4},1787884865,0868e758b54af21562042ed1a515ae4f659b07159591df8e3e3db2a8e1e737e1,1
config20260902.app,2026-09-02T13:28:12+09:00,Throw Error,Throw Error,{05B2984D-BC3F-45CB-8A02-D3E5BF5ABC4B},1787876614,76d13a5c9a38e5feff2b732fabf262d86042d04a5009115ae6fba885de47dd5c,1
config20260902.app,2026-09-02T13:28:12+09:00,Aspirate From Source,Aspirate From Source,{718A5C44-CF4E-4560-8548-B2CF885F8DE4},1788228477,3d7a652fcd0ca6eaf0fae168c45fc0b43e18920fe3d07a583f249d49943e3702,1
config20260902.app,2026-09-02T13:28:12+09:00,Set ISynth Drawer Valve,Set ISynth Drawer Valve,{7E76D1F5-D34C-4B6C-ADB1-1B117B2A3E73},1787899749,cbe0cb3fc1270ab7a83e18a6fb3e49974522a5060fbce3a2c008b042d1c2701a,1
config20260902.app,2026-09-02T13:28:12+09:00,Dispense Chunk,Dispense Chunk,{8B7809ED-EF34-400E-A0A9-EFCB54162DA2},1788237251,c5d9cefd83e28fc71dff4a516a2abe52519baf57622a119e51fb7af6e73fe74d,1
config20260902.app,2026-09-02T13:28:12+09:00,Get Well Zone With Index,Get Well Zone With Index,{6086071D-452C-4B4F-BDE6-91BBDD62E23A},1787903653,624b0ada76ff2b8cca4533e9c1e35e2e5f057aef3b677c77a73e1fc76f43c867,1
config20260902.app,2026-09-02T13:28:12+09:00,Set ISynth Drawer State,Set ISynth Drawer State,{CE003A2E-D4CA-4676-84F9-B1AB60D482F3},1787948268,633860da96be1d9914de7b65020f6be1f099361335c554824f804100a4a41ccf,1
config20260902.app,2026-09-02T13:28:12+09:00,Report Error,Report Error,{0B90EA8D-F12D-4911-B6C3-6B62E91BAC9B},1788224060,3f71a2acd070a808234cb571e48bc68da3a94a7eaef372c1c631ece5d488a8f6,1
config20260902_2.app,2026-09-02T17:18:32+09:00,Load Reagent Table,Load Reagent Table,{A1BC9BAA-12CC-45F9-9803-64C9C12D9E48},1787810331,5e0bcd93411a9ceffa69f1008d92ca719ddf8769ab60e9320b3dbc31152d78ef,1
config20260902_2.app,2026-09-02T17:18:32+09:00,Load Reagent,Load Reagent,{F138C597-BFBF-458B-ADF0-309FE6509480},1787810605,a3fcd3dc056fe05b2a304bb7d5069411d5259f6e056a24fa4bac008547cb5dd6,1
config20260902_2.app,2026-09-02T17:18:32+09:00,Dynamic Transfer Volumectrically,Dynamic Transfer Volumectrically,{B3019C3B-CE4E-4BA9-904C-75694AEE3701},1788239225,1b5587cadf909e4fed85dbbb4eff93a8064962e79bdbbcd9ff3849672f126db2,1
config20260902_2.app,2026-09-02T17:18:32+09:00,Get Aspirate Chunk,Get Aspirate Chunk,{92ED1B26-C340-4595-9E5F-52B7FFAD00D4},1787884865,95164013a4977222c520e16a7df36908221f172c3432815c4b960a25748f4f0f,1
config20260902_2.app,2026-09-02T17:18:32+09:00,Throw Error,Throw Error,{05B2984D-BC3F-45CB-8A02-D3E5BF5ABC4B},1787876614,76d13a5c9a38e5feff2b732fabf262d86042d04a5009115ae6fba885de47dd5c,1
config20260902_2.app,2026-09-02T17:18:32+09:00,Aspirate From Source,Aspirate From Source,{718A5C44-CF4E-4560-8548-B2CF885F8DE4},1788228477,3d7a652fcd0ca6eaf0fae168c45fc0b43e18920fe3d07a583f249d49943e3702,1
config20260902_2.app,2026-09-02T17:18:32+09:00,Set ISynth Drawer Valve,Set ISynth Drawer Valve,{7E76D1F5-D34C-4B6C-ADB1-1B117B2A3E73},1787899749,944b55065d9efe07236c78261d5decbcc8f5d31514f10cc8d7e7c0c4a0165c43,1
config20260902_2.app,2026-09-02T17:18:32+09:00,Dispense Chunk,Dispense Chunk,{8B7809ED-EF34-400E-A0A9-EFCB54162DA2},1788237251,e339149a51bb09e2c815ab0b43c3bdd907b7d94db797b9f19fe48d87abe2b274,2
config20260902_2.app,2026-09-02T17:18:32+09:00,Get Well Zone With Index,Get Well Zone With Index,{6086071D-452C-4B4F-BDE6-91BBDD62E23A},1787903653,a5b9db2ec4d3198d9154151c13144409a7a877289e7f3f5cbf661701c014ebc7,1
config20260902_2.app,2026-09-02T17:18:32+09:00,Set ISynth Drawer State,Set ISynth Drawer State,{CE003A2E-D4CA-4676-84F9-B1AB60D482F3},1787948268,633860da96be1d9914de7b65020f6be1f099361335c554824f804100a4a41ccf,1
config20260902_2.app,2026-09-02T17:18:32+09:00,Report Error,Report Error,{0B90EA8D-F12D-4911-B6C3-6B62E91BAC9B},1788224060,123905dc079e246bd854177d85a2d96e5deab8596427220d579acca6417ddda1,1
config20260902_3.app,2026-09-02T17:20:31+09:00,Load Reagent Table,Load Reagent Table,{A1BC9BAA-12CC-45F9-9803-64C9C12D9E48},1787810331,5e0bcd93411a9ceffa69f1008d92ca719ddf8769ab60e9320b3dbc31152d78ef,1
config20260902_3.app,2026-09-02T17:20:31+09:00,Load Reagent,Load Reagent,{F138C597-BFBF-458B-ADF0-309FE6509480},1787810605,a3fcd3dc056fe05b2a304bb7d5069411d5259f6e056a24fa4bac008547cb5dd6,1
config20260902_3.app,2026-09-02T17:20:31+09:00,Dynamic Transfer Volumectrically,Dynamic Transfer Volumectrically,{B3019C3B-CE4E-4BA9-904C-75694AEE3701},1788239225,1b5587cadf909e4fed85dbbb4eff93a8064962e79bdbbcd9ff3849672f126db2,1
config20260902_3.app,2026-09-02T17:20:31+09:00,Get Aspirate Chunk,Get Aspirate Chunk,{92ED1B26-C340-4595-9E5F-52B7FFAD00D4},1787884865,95164013a4977222c520e16a7df36908221f172c3432815c4b960a25748f4f0f,1
config20260902_3.app,2026-09-02T17:20:31+09:00,Throw Error,Throw Error,{05B2984D-BC3F-45CB-8A02-D3E5BF5ABC4B},1787876614,76d13a5c9a38e5feff2b732fabf262d86042d04a5009115ae6fba885de47dd5c,1
config20260902_3.app,2026-09-02T17:20:31+09:00,Aspirate From Source,Aspirate From Source,{718A5C44-CF4E-4560-8548-B2CF885F8DE4},1788228477,3d7a652fcd0ca6eaf0fae168c45fc0b43e18920fe3d07a583f249d49943e3702,1
config20260902_3.app,2026-09-02T17:20:31+09:00,Set ISynth Drawer Valve,Set ISynth Drawer Valve,{7E76D1F5-D34C-4B6C-ADB1-1B117B2A3E73},1787899749,944b55065d9efe07236c78261d5decbcc8f5d31514f10cc8d7e7c0c4a0165c43,1
config20260902_3.app,2026-09-02T17:20:31+09:00,Dispense Chunk,Dispense Chunk,{8B7809ED-EF34-400E-A0A9-EFCB54162DA2},1788237251,e339149a51bb09e2c815ab0b43c3bdd907b7d94db797b9f19fe48d87abe2b274,2
config20260902_3.app,2026-09-02T17:20:31+09:00,Get Well Zone With Index,Get Well Zone With Index,{6086071D-452C-4B4F-BDE6-91BBDD62E23A},1787903653,a5b9db2ec4d3198d9154151c13144409a7a877289e7f3f5cbf661701c014ebc7,1
config20260902_3.app,2026-09-02T17:20:31+09:00,Set ISynth Drawer State,Set ISynth Drawer State,{CE003A2E-D4CA-4676-84F9-B1AB60D482F3},1787948268,633860da96be1d9914de7b65020f6be1f099361335c554824f804100a4a41ccf,1
config20260902_3.app,2026-09-02T17:20:31+09:00,Report Error,Report Error,{0B90EA8D-F12D-4911-B6C3-6B62E91BAC9B},1788224060,123905dc079e246bd854177d85a2d96e5deab8596427220d579acca6417ddda1,1
config20260903.app,2026-09-02T22:28:45+09:00,Load Reagent Table,Load Reagent Table,{A1BC9BAA-12CC-45F9-9803-64C9C12D9E48},1787810331,5e0bcd93411a9ceffa69f1008d92ca719ddf8769ab60e9320b3dbc31152d78ef,1
config20260903.app,2026-09-02T22:28:45+09:00,Load Reagent,Load Reagent,{F138C597-BFBF-458B-ADF0-309FE6509480},1787810605,a3fcd3dc056fe05b2a304bb7d5069411d5259f6e056a24fa4bac008547cb5dd6,1
config20260903.app,2026-09-02T22:28:45+09:00,Dynamic Transfer Volumectrically,Dynamic Transfer Volumectrically,{B3019C3B-CE4E-4BA9-904C-75694AEE3701},1788337914,155c3778af922542a5c48892c0854927caf3be99ac0b1c32eb9880bff1d59ea3,1
config20260903.app,2026-09-02T22:28:45+09:00,Get Aspirate Chunk,Get Aspirate Chunk,{92ED1B26-C340-4595-9E5F-52B7FFAD00D4},1788353489,a35283a44b6b5cd8d8462b3fa16a8c5c3b5a9964fef888d8c2f22ebe9bd6145d,1
config20260903.app,2026-09-02T22:28:45+09:00,Throw Error,Throw Error,{05B2984D-BC3F-45CB-8A02-D3E5BF5ABC4B},1787876614,76d13a5c9a38e5feff2b732fabf262d86042d04a5009115ae6fba885de47dd5c,1
config20260903.app,2026-09-02T22:28:45+09:00,Aspirate From Source,Aspirate From Source,{718A5C44-CF4E-4560-8548-B2CF885F8DE4},1788228477,3d7a652fcd0ca6eaf0fae168c45fc0b43e18920fe3d07a583f249d49943e3702,1
config20260903.app,2026-09-02T22:28:45+09:00,Set ISynth Drawer Valve,Set ISynth Drawer Valve,{7E76D1F5-D34C-4B6C-ADB1-1B117B2A3E73},1787899749,944b55065d9efe07236c78261d5decbcc8f5d31514f10cc8d7e7c0c4a0165c43,1
config20260903.app,2026-09-02T22:28:45+09:00,Dispense Chunk,Dispense Chunk,{8B7809ED-EF34-400E-A0A9-EFCB54162DA2},1788237251,e339149a51bb09e2c815ab0b43c3bdd907b7d94db797b9f19fe48d87abe2b274,2
config20260903.app,2026-09-02T22:28:45+09:00,Get Well Zone With Index,Get Well Zone With Index,{6086071D-452C-4B4F-BDE6-91BBDD62E23A},1787903653,a5b9db2ec4d3198d9154151c13144409a7a877289e7f3f5cbf661701c014ebc7,1
config20260903.app,2026-09-02T22:28:45+09:00,Set ISynth Drawer State,Set ISynth Drawer State,{CE003A2E-D4CA-4676-84F9-B1AB60D482F3},1787948268,633860da96be1d9914de7b65020f6be1f099361335c554824f804100a4a41ccf,1
config20260903.app,2026-09-02T22:28:45+09:00,Report Error,Report Error,{0B90EA8D-F12D-4911-B6C3-6B62E91BAC9B},1788224060,123905dc079e246bd854177d85a2d96e5deab8596427220d579acca6417ddda1,1
config20260903_2.app,2026-09-02T23:35:33+09:00,Load Reagent Table,Load Reagent Table,{A1BC9BAA-12CC-45F9-9803-64C9C12D9E48},1787810331,5e0bcd93411a9ceffa69f1008d92ca719ddf8769ab60e9320b3dbc31152d78ef,1
config20260903_2.app,2026-09-02T23:35:33+09:00,Load Reagent,Load Reagent,{F138C597-BFBF-458B-ADF0-309FE6509480},1787810605,a3fcd3dc056fe05b2a304bb7d5069411d5259f6e056a24fa4bac008547cb5dd6,1
config20260903_2.app,2026-09-02T23:35:33+09:00,Dynamic Transfer Volumectrically,Dynamic Transfer Volumectrically,{B3019C3B-CE4E-4BA9-904C-75694AEE3701},1788337914,9cce09188b5214048f9b7c94e579a951201b99c00b314efec345e0504c9bdb99,1
config20260903_2.app,2026-09-02T23:35:33+09:00,Get Aspirate Chunk,Get Aspirate Chunk,{92ED1B26-C340-4595-9E5F-52B7FFAD00D4},1788353489,a35283a44b6b5cd8d8462b3fa16a8c5c3b5a9964fef888d8c2f22ebe9bd6145d,1
config20260903_2.app,2026-09-02T23:35:33+09:00,Throw Error,Throw Error,{05B2984D-BC3F-45CB-8A02-D3E5BF5ABC4B},1787876614,76d13a5c9a38e5feff2b732fabf262d86042d04a5009115ae6fba885de47dd5c,1
config20260903_2.app,2026-09-02T23:35:33+09:00,Aspirate From Source,Aspirate From Source,{718A5C44-CF4E-4560-8548-B2CF885F8DE4},1788228477,3d7a652fcd0ca6eaf0fae168c45fc0b43e18920fe3d07a583f249d49943e3702,1
config20260903_2.app,2026-09-02T23:35:33+09:00,Set ISynth Drawer Valve,Set ISynth Drawer Valve,{7E76D1F5-D34C-4B6C-ADB1-1B117B2A3E73},1787899749,944b55065d9efe07236c78261d5decbcc8f5d31514f10cc8d7e7c0c4a0165c43,1
config20260903_2.app,2026-09-02T23:35:33+09:00,Dispense Chunk,Dispense Chunk,{8B7809ED-EF34-400E-A0A9-EFCB54162DA2},1788237251,e339149a51bb09e2c815ab0b43c3bdd907b7d94db797b9f19fe48d87abe2b274,2
config20260903_2.app,2026-09-02T23:35:33+09:00,Get Well Zone With Index,Get Well Zone With Index,{6086071D-452C-4B4F-BDE6-91BBDD62E23A},1787903653,a5b9db2ec4d3198d9154151c13144409a7a877289e7f3f5cbf661701c014ebc7,1
config20260903_2.app,2026-09-02T23:35:33+09:00,Set ISynth Drawer State,Set ISynth Drawer State,{CE003A2E-D4CA-4676-84F9-B1AB60D482F3},1787948268,633860da96be1d9914de7b65020f6be1f099361335c554824f804100a4a41ccf,1
config20260903_2.app,2026-09-02T23:35:33+09:00,Report Error,Report Error,{0B90EA8D-F12D-4911-B6C3-6B62E91BAC9B},1788224060,123905dc079e246bd854177d85a2d96e5deab8596427220d579acca6417ddda1,1
config20260903_3.app,2026-09-02T23:51:19+09:00,Load Reagent Table,Load Reagent Table,{A1BC9BAA-12CC-45F9-9803-64C9C12D9E48},1787810331,5e0bcd93411a9ceffa69f1008d92ca719ddf8769ab60e9320b3dbc31152d78ef,1
config20260903_3.app,2026-09-02T23:51:19+09:00,Load Reagent,Load Reagent,{F138C597-BFBF-458B-ADF0-309FE6509480},1787810605,a3fcd3dc056fe05b2a304bb7d5069411d5259f6e056a24fa4bac008547cb5dd6,1
config20260903_3.app,2026-09-02T23:51:19+09:00,Dynamic Transfer Volumectrically,Dynamic Transfer Volumectrically,{B3019C3B-CE4E-4BA9-904C-75694AEE3701},1788360628,0e14850768730977e4b18d3609da4a33222a18f62e6d3919c1ed631b5b145526,1
config20260903_3.app,2026-09-02T23:51:19+09:00,Get Aspirate Chunk,Get Aspirate Chunk,{92ED1B26-C340-4595-9E5F-52B7FFAD00D4},1788353489,a35283a44b6b5cd8d8462b3fa16a8c5c3b5a9964fef888d8c2f22ebe9bd6145d,1
config20260903_3.app,2026-09-02T23:51:19+09:00,Throw Error,Throw Error,{05B2984D-BC3F-45CB-8A02-D3E5BF5ABC4B},1787876614,76d13a5c9a38e5feff2b732fabf262d86042d04a5009115ae6fba885de47dd5c,1
config20260903_3.app,2026-09-02T23:51:19+09:00,Aspirate From Source,Aspirate From Source,{718A5C44-CF4E-4560-8548-B2CF885F8DE4},1788228477,3d7a652fcd0ca6eaf0fae168c45fc0b43e18920fe3d07a583f249d49943e3702,1
config20260903_3.app,2026-09-02T23:51:19+09:00,Set ISynth Drawer Valve,Set ISynth Drawer Valve,{7E76D1F5-D34C-4B6C-ADB1-1B117B2A3E73},1787899749,944b55065d9efe07236c78261d5decbcc8f5d31514f10cc8d7e7c0c4a0165c43,1
config20260903_3.app,2026-09-02T23:51:19+09:00,Dispense Chunk,Dispense Chunk,{8B7809ED-EF34-400E-A0A9-EFCB54162DA2},1788237251,e339149a51bb09e2c815ab0b43c3bdd907b7d94db797b9f19fe48d87abe2b274,2
config20260903_3.app,2026-09-02T23:51:19+09:00,Get Well Zone With Index,Get Well Zone With Index,{6086071D-452C-4B4F-BDE6-91BBDD62E23A},1787903653,a5b9db2ec4d3198d9154151c13144409a7a877289e7f3f5cbf661701c014ebc7,1
config20260903_3.app,2026-09-02T23:51:19+09:00,Set ISynth Drawer State,Set ISynth Drawer State,{CE003A2E-D4CA-4676-84F9-B1AB60D482F3},1787948268,633860da96be1d9914de7b65020f6be1f099361335c554824f804100a4a41ccf,1
config20260903_3.app,2026-09-02T23:51:19+09:00,Report Error,Report Error,{0B90EA8D-F12D-4911-B6C3-6B62E91BAC9B},1788224060,123905dc079e246bd854177d85a2d96e5deab8596427220d579acca6417ddda1,1
config20260904.app,2026-09-04T16:42:50+09:00,Load Reagent Table,Load Reagent Table,{A1BC9BAA-12CC-45F9-9803-64C9C12D9E48},1788502117,b30e006b2e18cd63d9639a1654d949e8251bff211543c85612763c3d86f2363a,1
config20260904.app,2026-09-04T16:42:50+09:00,Load Reagent,Load Reagent,{F138C597-BFBF-458B-ADF0-309FE6509480},1787810605,6194f4a87b88e60eaea6f05c53a60cdafc14840dcc8a4b3497e50b374fe55fc5,1
config20260904.app,2026-09-04T16:42:50+09:00,Dynamic Transfer Volumectrically,Dynamic Transfer Volumectrically,{B3019C3B-CE4E-4BA9-904C-75694AEE3701},1788360628,303e352f9e0ff4e412ac867c4ff6a368ca9901e4399e7189970c269988ffb5de,1
config20260904.app,2026-09-04T16:42:50+09:00,Get Aspirate Chunk,Get Aspirate Chunk,{92ED1B26-C340-4595-9E5F-52B7FFAD00D4},1788353489,a35283a44b6b5cd8d8462b3fa16a8c5c3b5a9964fef888d8c2f22ebe9bd6145d,1
config20260904.app,2026-09-04T16:42:50+09:00,Throw Error,Throw Error,{05B2984D-BC3F-45CB-8A02-D3E5BF5ABC4B},1787876614,76d13a5c9a38e5feff2b732fabf262d86042d04a5009115ae6fba885de47dd5c,1
config20260904.app,2026-09-04T16:42:50+09:00,Aspirate From Source,Aspirate From Source,{718A5C44-CF4E-4560-8548-B2CF885F8DE4},1788228477,3d7a652fcd0ca6eaf0fae168c45fc0b43e18920fe3d07a583f249d49943e3702,1
config20260904.app,2026-09-04T16:42:50+09:00,Set ISynth Drawer Valve,Set ISynth Drawer Valve,{7E76D1F5-D34C-4B6C-ADB1-1B117B2A3E73},1787899749,944b55065d9efe07236c78261d5decbcc8f5d31514f10cc8d7e7c0c4a0165c43,1
config20260904.app,2026-09-04T16:42:50+09:00,Dispense Chunk,Dispense Chunk,{8B7809ED-EF34-400E-A0A9-EFCB54162DA2},1788237251,e339149a51bb09e2c815ab0b43c3bdd907b7d94db797b9f19fe48d87abe2b274,2
config20260904.app,2026-09-04T16:42:50+09:00,Get Well Zone With Index,Get Well Zone With Index,{6086071D-452C-4B4F-BDE6-91BBDD62E23A},1787903653,a5b9db2ec4d3198d9154151c13144409a7a877289e7f3f5cbf661701c014ebc7,1
config20260904.app,2026-09-04T16:42:50+09:00,Set ISynth Drawer State,Set ISynth Drawer State,{CE003A2E-D4CA-4676-84F9-B1AB60D482F3},1787948268,633860da96be1d9914de7b65020f6be1f099361335c554824f804100a4a41ccf,1
config20260904.app,2026-09-04T16:42:50+09:00,Report Error,Report Error,{0B90EA8D-F12D-4911-B6C3-6B62E91BAC9B},1788224060,123905dc079e246bd854177d85a2d96e5deab8596427220d579acca6417ddda1,1
config20260907.app,2026-09-07T23:19:41+09:00,Load Reagent Table,Load Reagent Table,{A1BC9BAA-12CC-45F9-9803-64C9C12D9E48},1788502117,b30e006b2e18cd63d9639a1654d949e8251bff211543c85612763c3d86f2363a,1
config20260907.app,2026-09-07T23:19:41+09:00,Load Reagent,Load Reagent,{F138C597-BFBF-458B-ADF0-309FE6509480},1787810605,6194f4a87b88e60eaea6f05c53a60cdafc14840dcc8a4b3497e50b374fe55fc5,1
config20260907.app,2026-09-07T23:19:41+09:00,Dynamic Transfer Volumectrically,Dynamic Transfer Volumectrically,{B3019C3B-CE4E-4BA9-904C-75694AEE3701},1788360628,303e352f9e0ff4e412ac867c4ff6a368ca9901e4399e7189970c269988ffb5de,1
config20260907.app,2026-09-07T23:19:41+09:00,Get Aspirate Chunk,Get Aspirate Chunk,{92ED1B26-C340-4595-9E5F-52B7FFAD00D4},1788353489,a35283a44b6b5cd8d8462b3fa16a8c5c3b5a9964fef888d8c2f22ebe9bd6145d,1
config20260907.app,2026-09-07T23:19:41+09:00,Throw Error,Throw Error,{05B2984D-BC3F-45CB-8A02-D3E5BF5ABC4B},1787876614,76d13a5c9a38e5feff2b732fabf262d86042d04a5009115ae6fba885de47dd5c,1
config20260907.app,2026-09-07T23:19:41+09:00,Aspirate From Source,Aspirate From Source,{718A5C44-CF4E-4560-8548-B2CF885F8DE4},1788228477,3d7a652fcd0ca6eaf0fae168c45fc0b43e18920fe3d07a583f249d49943e3702,1
config20260907.app,2026-09-07T23:19:41+09:00,Set ISynth Drawer Valve,Set ISynth Drawer Valve,{7E76D1F5-D34C-4B6C-ADB1-1B117B2A3E73},1787899749,944b55065d9efe07236c78261d5decbcc8f5d31514f10cc8d7e7c0c4a0165c43,1
config20260907.app,2026-09-07T23:19:41+09:00,Dispense Chunk,Dispense Chunk,{8B7809ED-EF34-400E-A0A9-EFCB54162DA2},1788237251,e339149a51bb09e2c815ab0b43c3bdd907b7d94db797b9f19fe48d87abe2b274,2
config20260907.app,2026-09-07T23:19:41+09:00,Get Well Zone With Index,Get Well Zone With Index,{6086071D-452C-4B4F-BDE6-91BBDD62E23A},1787903653,a5b9db2ec4d3198d9154151c13144409a7a877289e7f3f5cbf661701c014ebc7,1
config20260907.app,2026-09-07T23:19:41+09:00,Set ISynth Drawer State,Set ISynth Drawer State,{CE003A2E-D4CA-4676-84F9-B1AB60D482F3},1787948268,633860da96be1d9914de7b65020f6be1f099361335c554824f804100a4a41ccf,1
config20260907.app,2026-09-07T23:19:41+09:00,Report Error,Report Error,{0B90EA8D-F12D-4911-B6C3-6B62E91BAC9B},1788224060,123905dc079e246bd854177d85a2d96e5deab8596427220d579acca6417ddda1,1
config20260907_sample_loop_check.app,2026-09-08T07:12:54+09:00,Load Reagent Table,Load Reagent Table,{A1BC9BAA-12CC-45F9-9803-64C9C12D9E48},1788502117,b30e006b2e18cd63d9639a1654d949e8251bff211543c85612763c3d86f2363a,1
config20260907_sample_loop_check.app,2026-09-08T07:12:54+09:00,Load Reagent,Load Reagent,{F138C597-BFBF-458B-ADF0-309FE6509480},1787810605,6194f4a87b88e60eaea6f05c53a60cdafc14840dcc8a4b3497e50b374fe55fc5,1
config20260907_sample_loop_check.app,2026-09-08T07:12:54+09:00,Dynamic Transfer Volumectrically,Dynamic Transfer Volumectrically,{B3019C3B-CE4E-4BA9-904C-75694AEE3701},1788360628,303e352f9e0ff4e412ac867c4ff6a368ca9901e4399e7189970c269988ffb5de,1
config20260907_sample_loop_check.app,2026-09-08T07:12:54+09:00,Get Aspirate Chunk,Get Aspirate Chunk,{92ED1B26-C340-4595-9E5F-52B7FFAD00D4},1788353489,a35283a44b6b5cd8d8462b3fa16a8c5c3b5a9964fef888d8c2f22ebe9bd6145d,1
config20260907_sample_loop_check.app,2026-09-08T07:12:54+09:00,Throw Error,Throw Error,{05B2984D-BC3F-45CB-8A02-D3E5BF5ABC4B},1787876614,76d13a5c9a38e5feff2b732fabf262d86042d04a5009115ae6fba885de47dd5c,1
config20260907_sample_loop_check.app,2026-09-08T07:12:54+09:00,Aspirate From Source,Aspirate From Source,{718A5C44-CF4E-4560-8548-B2CF885F8DE4},1788228477,3d7a652fcd0ca6eaf0fae168c45fc0b43e18920fe3d07a583f249d49943e3702,1
config20260907_sample_loop_check.app,2026-09-08T07:12:54+09:00,Set ISynth Drawer Valve,Set ISynth Drawer Valve,{7E76D1F5-D34C-4B6C-ADB1-1B117B2A3E73},1787899749,944b55065d9efe07236c78261d5decbcc8f5d31514f10cc8d7e7c0c4a0165c43,1
config20260907_sample_loop_check.app,2026-09-08T07:12:54+09:00,Dispense Chunk,Dispense Chunk,{8B7809ED-EF34-400E-A0A9-EFCB54162DA2},1788237251,e339149a51bb09e2c815ab0b43c3bdd907b7d94db797b9f19fe48d87abe2b274,2
config20260907_sample_loop_check.app,2026-09-08T07:12:54+09:00,Get Well Zone With Index,Get Well Zone With Index,{6086071D-452C-4B4F-BDE6-91BBDD62E23A},1787903653,a5b9db2ec4d3198d9154151c13144409a7a877289e7f3f5cbf661701c014ebc7,1
config20260907_sample_loop_check.app,2026-09-08T07:12:54+09:00,Set ISynth Drawer State,Set ISynth Drawer State,{CE003A2E-D4CA-4676-84F9-B1AB60D482F3},1787948268,633860da96be1d9914de7b65020f6be1f099361335c554824f804100a4a41ccf,1
config20260907_sample_loop_check.app,2026-09-08T07:12:54+09:00,Report Error,Report Error,{0B90EA8D-F12D-4911-B6C3-6B62E91BAC9B},1788224060,123905dc079e246bd854177d85a2d96e5deab8596427220d579acca6417ddda1,1
config20260908_polymerization.app,2026-09-08T17:25:18+09:00,Load Reagent Table,Load Reagent Table,{A1BC9BAA-12CC-45F9-9803-64C9C12D9E48},1788502117,b30e006b2e18cd63d9639a1654d949e8251bff211543c85612763c3d86f2363a,1
config20260908_polymerization.app,2026-09-08T17:25:18+09:00,Load Reagent,Load Reagent,{F138C597-BFBF-458B-ADF0-309FE6509480},1787810605,6194f4a87b88e60eaea6f05c53a60cdafc14840dcc8a4b3497e50b374fe55fc5,1
config20260908_polymerization.app,2026-09-08T17:25:18+09:00,Dynamic Transfer Volumectrically,Dynamic Transfer Volumectrically,{B3019C3B-CE4E-4BA9-904C-75694AEE3701},1788360628,875df1ebd27ead1997905401743c9463a8930f2d30c6c6867fe1f6cb87ea981d,1
config20260908_polymerization.app,2026-09-08T17:25:18+09:00,Get Aspirate Chunk,Get Aspirate Chunk,{92ED1B26-C340-4595-9E5F-52B7FFAD00D4},1788353489,a35283a44b6b5cd8d8462b3fa16a8c5c3b5a9964fef888d8c2f22ebe9bd6145d,1
config20260908_polymerization.app,2026-09-08T17:25:18+09:00,Throw Error,Throw Error,{05B2984D-BC3F-45CB-8A02-D3E5BF5ABC4B},1787876614,76d13a5c9a38e5feff2b732fabf262d86042d04a5009115ae6fba885de47dd5c,1
config20260908_polymerization.app,2026-09-08T17:25:18+09:00,Aspirate From Source,Aspirate From Source,{718A5C44-CF4E-4560-8548-B2CF885F8DE4},1788228477,3d7a652fcd0ca6eaf0fae168c45fc0b43e18920fe3d07a583f249d49943e3702,1
config20260908_polymerization.app,2026-09-08T17:25:18+09:00,Set ISynth Drawer Valve,Set ISynth Drawer Valve,{7E76D1F5-D34C-4B6C-ADB1-1B117B2A3E73},1787899749,944b55065d9efe07236c78261d5decbcc8f5d31514f10cc8d7e7c0c4a0165c43,1
config20260908_polymerization.app,2026-09-08T17:25:18+09:00,Dispense Chunk,Dispense Chunk,{8B7809ED-EF34-400E-A0A9-EFCB54162DA2},1788237251,e339149a51bb09e2c815ab0b43c3bdd907b7d94db797b9f19fe48d87abe2b274,2
config20260908_polymerization.app,2026-09-08T17:25:18+09:00,Get Well Zone With Index,Get Well Zone With Index,{6086071D-452C-4B4F-BDE6-91BBDD62E23A},1787903653,a5b9db2ec4d3198d9154151c13144409a7a877289e7f3f5cbf661701c014ebc7,1
config20260908_polymerization.app,2026-09-08T17:25:18+09:00,Set ISynth Drawer State,Set ISynth Drawer State,{CE003A2E-D4CA-4676-84F9-B1AB60D482F3},1787948268,633860da96be1d9914de7b65020f6be1f099361335c554824f804100a4a41ccf,1
config20260908_polymerization.app,2026-09-08T17:25:18+09:00,Report Error,Report Error,{0B90EA8D-F12D-4911-B6C3-6B62E91BAC9B},1788224060,123905dc079e246bd854177d85a2d96e5deab8596427220d579acca6417ddda1,1
config20260908_polymerization.app,2026-09-08T17:25:18+09:00,Label sample ID,Label sample ID,{D5036F17-9117-4B7C-A0E5-3EBD655A93C8},1788853233,0328cb353f02a0b9b3239045b83a706fd6ba2918c5b48e3942119befbf377c9b,1
config20260908_sample_loop_check.app,2026-09-08T16:18:20+09:00,Load Reagent Table,Load Reagent Table,{A1BC9BAA-12CC-45F9-9803-64C9C12D9E48},1788502117,b30e006b2e18cd63d9639a1654d949e8251bff211543c85612763c3d86f2363a,1
config20260908_sample_loop_check.app,2026-09-08T16:18:20+09:00,Load Reagent,Load Reagent,{F138C597-BFBF-458B-ADF0-309FE6509480},1787810605,6194f4a87b88e60eaea6f05c53a60cdafc14840dcc8a4b3497e50b374fe55fc5,1
config20260908_sample_loop_check.app,2026-09-08T16:18:20+09:00,Dynamic Transfer Volumectrically,Dynamic Transfer Volumectrically,{B3019C3B-CE4E-4BA9-904C-75694AEE3701},1788360628,303e352f9e0ff4e412ac867c4ff6a368ca9901e4399e7189970c269988ffb5de,1
config20260908_sample_loop_check.app,2026-09-08T16:18:20+09:00,Get Aspirate Chunk,Get Aspirate Chunk,{92ED1B26-C340-4595-9E5F-52B7FFAD00D4},1788353489,a35283a44b6b5cd8d8462b3fa16a8c5c3b5a9964fef888d8c2f22ebe9bd6145d,1
config20260908_sample_loop_check.app,2026-09-08T16:18:20+09:00,Throw Error,Throw Error,{05B2984D-BC3F-45CB-8A02-D3E5BF5ABC4B},1787876614,76d13a5c9a38e5feff2b732fabf262d86042d04a5009115ae6fba885de47dd5c,1
config20260908_sample_loop_check.app,2026-09-08T16:18:20+09:00,Aspirate From Source,Aspirate From Source,{718A5C44-CF4E-4560-8548-B2CF885F8DE4},1788228477,3d7a652fcd0ca6eaf0fae168c45fc0b43e18920fe3d07a583f249d49943e3702,1
config20260908_sample_loop_check.app,2026-09-08T16:18:20+09:00,Set ISynth Drawer Valve,Set ISynth Drawer Valve,{7E76D1F5-D34C-4B6C-ADB1-1B117B2A3E73},1787899749,944b55065d9efe07236c78261d5decbcc8f5d31514f10cc8d7e7c0c4a0165c43,1
config20260908_sample_loop_check.app,2026-09-08T16:18:20+09:00,Dispense Chunk,Dispense Chunk,{8B7809ED-EF34-400E-A0A9-EFCB54162DA2},1788237251,e339149a51bb09e2c815ab0b43c3bdd907b7d94db797b9f19fe48d87abe2b274,2
config20260908_sample_loop_check.app,2026-09-08T16:18:20+09:00,Get Well Zone With Index,Get Well Zone With Index,{6086071D-452C-4B4F-BDE6-91BBDD62E23A},1787903653,a5b9db2ec4d3198d9154151c13144409a7a877289e7f3f5cbf661701c014ebc7,1
config20260908_sample_loop_check.app,2026-09-08T16:18:20+09:00,Set ISynth Drawer State,Set ISynth Drawer State,{CE003A2E-D4CA-4676-84F9-B1AB60D482F3},1787948268,633860da96be1d9914de7b65020f6be1f099361335c554824f804100a4a41ccf,1
config20260908_sample_loop_check.app,2026-09-08T16:18:20+09:00,Report Error,Report Error,{0B90EA8D-F12D-4911-B6C3-6B62E91BAC9B},1788224060,123905dc079e246bd854177d85a2d96e5deab8596427220d579acca6417ddda1,1
config20260909_polymerization.app,2026-09-09T14:37:26+09:00,Load Reagent Table,Load Reagent Table,{A1BC9BAA-12CC-45F9-9803-64C9C12D9E48},1788919390,5d80c73ee270fe8c0e633359662b508fa8c96231b99c0bc1be16894f5162efc0,1
config20260909_polymerization.app,2026-09-09T14:37:26+09:00,Load Reagent,Load Reagent,{F138C597-BFBF-458B-ADF0-309FE6509480},1787810605,2f1f1d2d7a2088cc1ceefbc2fb019f121126c7e8e89e5bdafc651357c5c4cd4d,1
config20260909_polymerization.app,2026-09-09T14:37:26+09:00,Dynamic Transfer Volumectrically,Dynamic Transfer Volumectrically,{B3019C3B-CE4E-4BA9-904C-75694AEE3701},1788360628,a1d6dec509e631124f025ad3032a4ffeb74322cc1f4e4194736e43fd77abeca1,1
config20260909_polymerization.app,2026-09-09T14:37:26+09:00,Get Aspirate Chunk,Get Aspirate Chunk,{92ED1B26-C340-4595-9E5F-52B7FFAD00D4},1788353489,a35283a44b6b5cd8d8462b3fa16a8c5c3b5a9964fef888d8c2f22ebe9bd6145d,1
config20260909_polymerization.app,2026-09-09T14:37:26+09:00,Throw Error,Throw Error,{05B2984D-BC3F-45CB-8A02-D3E5BF5ABC4B},1787876614,76d13a5c9a38e5feff2b732fabf262d86042d04a5009115ae6fba885de47dd5c,1
config20260909_polymerization.app,2026-09-09T14:37:26+09:00,Aspirate From Source,Aspirate From Source,{718A5C44-CF4E-4560-8548-B2CF885F8DE4},1788228477,3d7a652fcd0ca6eaf0fae168c45fc0b43e18920fe3d07a583f249d49943e3702,1
config20260909_polymerization.app,2026-09-09T14:37:26+09:00,Set ISynth Drawer Valve,Set ISynth Drawer Valve,{7E76D1F5-D34C-4B6C-ADB1-1B117B2A3E73},1787899749,944b55065d9efe07236c78261d5decbcc8f5d31514f10cc8d7e7c0c4a0165c43,1
config20260909_polymerization.app,2026-09-09T14:37:26+09:00,Dispense Chunk,Dispense Chunk,{8B7809ED-EF34-400E-A0A9-EFCB54162DA2},1788237251,e339149a51bb09e2c815ab0b43c3bdd907b7d94db797b9f19fe48d87abe2b274,2
config20260909_polymerization.app,2026-09-09T14:37:26+09:00,Get Well Zone With Index,Get Well Zone With Index,{6086071D-452C-4B4F-BDE6-91BBDD62E23A},1787903653,a5b9db2ec4d3198d9154151c13144409a7a877289e7f3f5cbf661701c014ebc7,1
config20260909_polymerization.app,2026-09-09T14:37:26+09:00,Set ISynth Drawer State,Set ISynth Drawer State,{CE003A2E-D4CA-4676-84F9-B1AB60D482F3},1787948268,633860da96be1d9914de7b65020f6be1f099361335c554824f804100a4a41ccf,1
config20260909_polymerization.app,2026-09-09T14:37:26+09:00,Report Error,Report Error,{0B90EA8D-F12D-4911-B6C3-6B62E91BAC9B},1788224060,123905dc079e246bd854177d85a2d96e5deab8596427220d579acca6417ddda1,1
config20260909_polymerization.app,2026-09-09T14:37:26+09:00,Label sample ID,Label sample ID,{D5036F17-9117-4B7C-A0E5-3EBD655A93C8},1788853233,0328cb353f02a0b9b3239045b83a706fd6ba2918c5b48e3942119befbf377c9b,1
config20260909_polymerization.app,2026-09-09T14:37:26+09:00,Non Zero Array Min,Non Zero Array Min,{169BD6D7-FB46-4CA1-9529-18EE451134F5},1788927885,bef3a88fc5fb48752941710323f61ec1760582c69ac3c47980d3a1cc37a3891b,2
