original_path,path,sha256
canonical/latest/config20260909_polymerization.app.xml,extracted/latest_app/application.xml,0b356ec816d30b995b17d7f4273a9cbac5d8d771913b6a87407d7220de03efb1
csv_recipe/input_0908.csv,recipe/input_0908.csv,6cd1bb638fef060fb096be853bd5d5015068f7f1fb70b3dab1e7bff92c2443e1
csv_recipe/input_0908_analysis.json,recipe/input_0908_analysis.json,ee9cbfc37dc97bc144800abb29f1db0322e0e09c8dec27fb7b1e545ac636c027
extracted/latest_app/call_graph.csv,extracted/latest_app/call_graph.csv,4afcf5acff36fd8a4a20d0aea8db9691eb68fa238fd6955cfbfd9f656c7d9163
extracted/latest_app/function_index.csv,extracted/latest_app/function_index.csv,06a0f186b0a052a337a73aacf95b53c7c4c8da8c72ab1cc674c9e9f48ea8e359
extracted/latest_app/function_index.json,extracted/latest_app/function_index.json,5ae78be36f7359eb0cba6293c31d61d6f389b7a6730009777b309dd829be1d2a
extracted/latest_app/functions/00_Prime All Port E.asfp,extracted/latest_app/functions/00_Prime All Port E.asfp,d767d062bc83e681a90af519c69efb87dd84af3e9f35342d13e47819566671a8
extracted/latest_app/functions/01_util Make Csv.asfp,extracted/latest_app/functions/01_util Make Csv.asfp,e60ce8b17359ec4e3aca1a1faddbd19c7a642cb07f269efccf5da96848148695
extracted/latest_app/functions/02___GPC_SetLoad.asfp,extracted/latest_app/functions/02___GPC_SetLoad.asfp,64a7df45475e3e0a875d5877e3bbddcb73c3ae0f4626a956a1bb00a593eae251
extracted/latest_app/functions/03___GPC_SetInject.asfp,extracted/latest_app/functions/03___GPC_SetInject.asfp,414e6345e9af941c040a6c133d319f9029222eb1a6545538e95ef7fb179d2cb7
extracted/latest_app/functions/04_N2 Open.asfp,extracted/latest_app/functions/04_N2 Open.asfp,8c2f746b54178e0b2a02cac6c36574c25e0d1f5d05a7f27b11eca6518c7e9e90
extracted/latest_app/functions/05_N2 Closed.asfp,extracted/latest_app/functions/05_N2 Closed.asfp,b030fdd1d7c5e6c00ba90420e103763b9f8f3e3f994f6ab20d87e4ac65716e3c
extracted/latest_app/functions/06_N2 Control.asfp,extracted/latest_app/functions/06_N2 Control.asfp,afa4e3b7782a43867e5343d4f4cb591243e83a13b06f87e3063454cf6d4f326e
extracted/latest_app/functions/07_EVENT_type_2_7.asfp,extracted/latest_app/functions/07_EVENT_type_2_7.asfp,c2d223d3d10a2d5793bee8e6126501a05c73d0815b3cbf7797ec7a8bd67a38bc
extracted/latest_app/functions/08_EVENT_type_5_8.asfp,extracted/latest_app/functions/08_EVENT_type_5_8.asfp,af7a692abde1d972fa6fc12fe8dca50a343b01f7b76d41b8223feee5d7cdec8a
extracted/latest_app/functions/09___GPC_InjectPort.asfp,extracted/latest_app/functions/09___GPC_InjectPort.asfp,c8389c541b97bbfd00600cb4e8ee9dcca86d1b8398bf5be91a405a300948c02d
extracted/latest_app/functions/10___GPC_WashPortNeedle.asfp,extracted/latest_app/functions/10___GPC_WashPortNeedle.asfp,1dda47ac6ad6976df7dac8965b7ca286f665822a36032ac9bb67f4eaa6648643
extracted/latest_app/functions/11_Run MALS.asfp,extracted/latest_app/functions/11_Run MALS.asfp,32d7a3dfe86e7552bd3b0db1efb0e3cfb123f62329f205a13a247cb589b7879a
extracted/latest_app/functions/12_Prime 2nd Sringe Port F.asfp,extracted/latest_app/functions/12_Prime 2nd Sringe Port F.asfp,f30aa56026bcef5a984b9a0a91c173a82efd77eba60f4bb811b5875a856f52f2
extracted/latest_app/functions/13_Run GPC Analysis.asfp,extracted/latest_app/functions/13_Run GPC Analysis.asfp,d451957f6aaae21f87d8a92b7853d9e015d3edb334d6673de058cba58622c417
extracted/latest_app/functions/14_Run HPLC.asfp,extracted/latest_app/functions/14_Run HPLC.asfp,a4ee686ef684b4d76c6e38ded3b23b2ff620fbfdf4c1b9bc59f0d4d0b7221c6b
extracted/latest_app/functions/15_util Get Time Stamp.asfp,extracted/latest_app/functions/15_util Get Time Stamp.asfp,ba301b2554bf3ac169e099d018ca3716d0c0d2d8b6ea56589670d3f6264de8c8
extracted/latest_app/functions/16_Mix With Needle2.asfp,extracted/latest_app/functions/16_Mix With Needle2.asfp,463a4b71d4e5f5edf590d2e75888e385bd7448bce7d373444cb64b0fb32f1b5e
extracted/latest_app/functions/17_Dilute and Mix.asfp,extracted/latest_app/functions/17_Dilute and Mix.asfp,652ab1f66b10d52ed5347c25a12707ef8feddf5e0be5f7564b058a0c062a4f6f
extracted/latest_app/functions/18_Priming 1st 2nd Syringe.asfp,extracted/latest_app/functions/18_Priming 1st 2nd Syringe.asfp,c55a4cdb7d0b56291fd04fe45e93fc4eefa5643f3578671b461a554d505caf0b
extracted/latest_app/functions/19_Purge Reactor.asfp,extracted/latest_app/functions/19_Purge Reactor.asfp,875cc3d6ec08d6f508b20848b442c060224cbafe6017428be04beb76bf5a2e0c
extracted/latest_app/functions/20_Test Reactor Valve.asfp,extracted/latest_app/functions/20_Test Reactor Valve.asfp,49ed80205a0bdbc8d9484e09c437419f6d89291a3ee977e10aa82980f39ff176
extracted/latest_app/functions/21_Validate Polymerization Zone.asfp,extracted/latest_app/functions/21_Validate Polymerization Zone.asfp,9a0454308e92b3f70beeb621a499c075ba3ffc764c3d5603e3ec7843dece5eca
extracted/latest_app/functions/22___main.asfp,extracted/latest_app/functions/22___main.asfp,992c14c859291bb6261a0ec865a1a15dd3f1634713dc0565da0dd74af21e256d
extracted/latest_app/functions/23_Prepare GPC Sample.asfp,extracted/latest_app/functions/23_Prepare GPC Sample.asfp,728ebf66023fc1b19e3b62ce72b7c9d391e1ca16de54431f5002c2cc36333530
extracted/latest_app/functions/24_Sample and Run GPC.asfp,extracted/latest_app/functions/24_Sample and Run GPC.asfp,a4117326700e4cd020571cebbc6d07126003f9a7f874e0c636f6c84c74fe9fa5
extracted/latest_app/functions/25_Import Csv Header.asfp,extracted/latest_app/functions/25_Import Csv Header.asfp,d5ce1a85dd82a5f3ca7518d69aa0cc38b6d07a9a990f3d48f23f1a627768111f
extracted/latest_app/functions/26___GPC_SolventInject.asfp,extracted/latest_app/functions/26___GPC_SolventInject.asfp,58a4391e1ba4cb842476c64cec305ec2d0185f23104bc8e3525467951a04c17a
extracted/latest_app/functions/27_Run GPC Analysis XXX.asfp,extracted/latest_app/functions/27_Run GPC Analysis XXX.asfp,0e8e08fce5575e2e93bcb2f6fdf787056f360b631e7a720de45ff082efbb8558
extracted/latest_app/functions/28_Load Reagent Table.asfp,extracted/latest_app/functions/28_Load Reagent Table.asfp,214df8b34337eb65d1003e4701a44219e516e20324cbe2321260b72ea20dd242
extracted/latest_app/functions/29_Load Reagent.asfp,extracted/latest_app/functions/29_Load Reagent.asfp,9a442e18704869952b7c191b937576ec67acad2fc47ff64bee2d20d35b7f653c
extracted/latest_app/functions/30_Dynamic Transfer Volumectrically.asfp,extracted/latest_app/functions/30_Dynamic Transfer Volumectrically.asfp,f7c4785226c1657f0b16732e59b3e46a9fff54f098c157418d164ee427ff17cb
extracted/latest_app/functions/31_Get Aspirate Chunk.asfp,extracted/latest_app/functions/31_Get Aspirate Chunk.asfp,99aee3ee61993520e309726b691bc4044f21531043477dbda4b1968e3d4ee72f
extracted/latest_app/functions/32_Throw Error.asfp,extracted/latest_app/functions/32_Throw Error.asfp,0bd4ec983f1d0960014bdab7c2d2b080d7541cb70d7cc357480d51fbbcb582a3
extracted/latest_app/functions/33_Get Parent Element Name.asfp,extracted/latest_app/functions/33_Get Parent Element Name.asfp,51949080e0a43c1c5379cc81c6d46631ceecae7b38bceddc3e94f338078bebff
extracted/latest_app/functions/34_Get Single Well ID.asfp,extracted/latest_app/functions/34_Get Single Well ID.asfp,72712a9ded2893cad44575aba6886e4c216fe1c8dc1452432299261884ba7a65
extracted/latest_app/functions/35_Get ISynth Drawer Index.asfp,extracted/latest_app/functions/35_Get ISynth Drawer Index.asfp,8de5f3318538ba1cede78abe92766792dce197c87728ff13041570153491575d
extracted/latest_app/functions/36_Check Well Interlock.asfp,extracted/latest_app/functions/36_Check Well Interlock.asfp,43a80bd62397899be7c1b29f285fd503a945b37d816b4ab23899a020c6ff53f6
extracted/latest_app/functions/37_Aspirate From Source.asfp,extracted/latest_app/functions/37_Aspirate From Source.asfp,cbd0dc84efb621161c25034a211325cb79e3da5398e9368857ab43b7629aac2a
extracted/latest_app/functions/38__Aspirate.asfp,extracted/latest_app/functions/38__Aspirate.asfp,eeca1f1d4aebc906dcdba1ecffbb55638a5e13e8ddce9a35bfa269e785674179
extracted/latest_app/functions/39__Dispense.asfp,extracted/latest_app/functions/39__Dispense.asfp,4de9f54fa0b4bdb3ad13e677373af3be8e6b926304a7806a2a23ac13411cb25f
extracted/latest_app/functions/40_Dispense To Destination.asfp,extracted/latest_app/functions/40_Dispense To Destination.asfp,17cad54c8c3c88c111bb835852b48133e762e719f75e61207adff542563158bf
extracted/latest_app/functions/41_Set ISynth Drawer Valve.asfp,extracted/latest_app/functions/41_Set ISynth Drawer Valve.asfp,cb5a8053a9821036243b4184836b4024b82879f508047151ac37b79e7a4b067c
extracted/latest_app/functions/42_Dispense Chunk.asfp,extracted/latest_app/functions/42_Dispense Chunk.asfp,5a64fb60d621ac471d97d48e880f8918ebfa69dd6ce8f996d30e20c8577171ad
extracted/latest_app/functions/43_Get Well Zone With Index.asfp,extracted/latest_app/functions/43_Get Well Zone With Index.asfp,91b32ed868856a03b0c806e23d989b86042c53b4dc3aecef91e410049e1b1e4a
extracted/latest_app/functions/44_Set ISynth Drawer State.asfp,extracted/latest_app/functions/44_Set ISynth Drawer State.asfp,870bcce8ad40f8230a4f4d2a58ce3782170f13e5bf730240236d0a1b0fbbb7f7
extracted/latest_app/functions/45_Write Well Log.asfp,extracted/latest_app/functions/45_Write Well Log.asfp,cde64dc1c9a89fadbb8f5d3e886640ab3cae58aa7ec90dadc7eca732859833ec
extracted/latest_app/functions/46_Export Wells Log.asfp,extracted/latest_app/functions/46_Export Wells Log.asfp,2bf6beeab152bf3f1abe6734796b797c97d6ba7006be2e12cce6f757922eb9a4
extracted/latest_app/functions/47_Report Error.asfp,extracted/latest_app/functions/47_Report Error.asfp,0695eaa23c7bf3c70e696112edb00913bc9bc104890911e933950f5759cc2776
extracted/latest_app/functions/48_Zone Resolv.asfp,extracted/latest_app/functions/48_Zone Resolv.asfp,a5c9e29757605dc354631bfe188a334ce7d9a35428010ca159cd7e93bf9fab1c
extracted/latest_app/functions/49_Syringe Capasity.asfp,extracted/latest_app/functions/49_Syringe Capasity.asfp,948b077fa644dda128c4870fd110a1843ff5f72f3fe058e99978385a9031b0c9
extracted/latest_app/functions/50_Label sample ID.asfp,extracted/latest_app/functions/50_Label sample ID.asfp,f51721452108e40af57a28609bc176471f65554654bcb32f9b67f76dc6d2ca2e
extracted/latest_app/functions/51_Non Zero Array Min.asfp,extracted/latest_app/functions/51_Non Zero Array Min.asfp,91e8e0451e1e39c455bade5c972bbff9ede179fd39e93b7690eae63e66442403
extracted/latest_app/globals.csv,extracted/latest_app/globals.csv,3232ee26db97486f80c59887503b28bea29dad3ef58ee417bd1e33f967f4837d
extracted/latest_app/globals.json,extracted/latest_app/globals.json,3c43ea47236e4694705ba5d1f458c870e5336b71bd27d9c1c606944becc8c0f7
extracted/latest_app/zones.csv,extracted/latest_app/zones.csv,e8165dfb2fada1e071c088e2980f957a6d94328535a29a76819b55219fb50a7b
reference_corpus/app/20260407 AMR 20260325 SAT Riehen new configuration LUM_AKI_tmp.app,app/20260407 AMR 20260325 SAT Riehen new configuration LUM_AKI_tmp.app,d055333098d1d056bead76806e07d46308ce501ea2408cdcd96d0a18ca7c6de6
reference_corpus/app/Orig config20260415_aki_test.app,app/Orig config20260415_aki_test.app,e4af7fe4333a2c3d41cde6d263e73cfa0218bd424e740c8488f8e1cab6fde755
reference_corpus/app/Suzuki-Miyaura-automation.app,app/Suzuki-Miyaura-automation.app,87bf2a7b00fdb5f43403faa814c076e727b42a75614abd2cb3f840a96fd3dc0e
reference_corpus/app/config20260408_aki.app,app/config20260408_aki.app,d5a28b93d699401ce1a3b88106551f4e2f9945c8cebfc51faed09aafd2fa6be8
reference_corpus/app/config20260413_aki.app,app/config20260413_aki.app,a3222fdaf50b8332f92d4b4e9d5abfbe664da18559fddfe59dbaec696a108ef2
reference_corpus/app/config20260413_aki_tmp.app,app/config20260413_aki_tmp.app,6ab7e544b5bbc509819f9a5528504f452996a35069aa588969c3b217cd60d07e
reference_corpus/app/config20260415_aki.app,app/config20260415_aki.app,4270cd75747c60aa6d074e4c83b8cbf00331bb12cefb20f643b74f0ba2dec5d6
reference_corpus/app/config20260527_aki.app,app/config20260527_aki.app,c11c1fb0300cdee6b00adcedefd08b30b28fef2c93934eb26245c088aee0d904
reference_corpus/app/config20260528_aki.app,app/config20260528_aki.app,1b896a80e3531c8663ff283245f6b5730d22822c518b43db1a7b141d0370b2a5
reference_corpus/app/config20260528_aki_tmp.app,app/config20260528_aki_tmp.app,11ac9aa485756d018e69e85da013f5168f1d92bddf2c38195ed7ebd600a8ffa4
reference_corpus/app/config20260529.app,app/config20260529.app,9b14930f05a2dbba1b90a33ba520cc6755236f1a9ae30e1a77809982ddd60f18
reference_corpus/app/config20260609.app,app/config20260609.app,3bbf27feafd03fb650b475a1c0786c06b6eb21221d787e1545f6aa65ffffae36
reference_corpus/app/config20260609_temp.app,app/config20260609_temp.app,92ac195062d74cbc34fe8800a119f7c995f5555073b88edcf8327a1be3ae707e
reference_corpus/app/config20260623.app,app/config20260623.app,cac8d4066eaaed7ef814e47ce8c2f43cc5b687fc34f02ccc8a50d72c11e93018
reference_corpus/app/config20260706.app,app/config20260706.app,9462cea35641594e4820d913d737c1a95b44a7ee00f637623838de7473c50953
reference_corpus/app/config20260715.app,app/config20260715.app,fd5e4fdaf3e4fe6c1572908cac9829be3e1e9aca066b3d40bde2ccb60ac76e5b
reference_corpus/app/config20260715_polymerization.app,app/config20260715_polymerization.app,9c71376c2ebf1870c95398766532974f06514498e101f371bc9ad19bb0eb11f7
reference_corpus/app/config20260716_congif_changed.app,app/config20260716_congif_changed.app,75deb577cb55dd0c7aa289790c591157bccb3342e77af72b3553f7ca1f3cd4df
reference_corpus/app/config20260716_congif_changed_2_tmp.app,app/config20260716_congif_changed_2_tmp.app,3f2179961af8e3dec356522a055f0d2fd774038c29cadfb3186c0f9cbf4628f8
reference_corpus/app/config20260717.app,app/config20260717.app,19cab3e437479e317ff2b6d481f3876acf1951497cf22c55345e7ba0412713aa
reference_corpus/app/config20260717_test_AMR_settings.app,app/config20260717_test_AMR_settings.app,fbe2d4c246d9e69d409583f0b0c462ed96cdac1d2313c1bd2e34caec04930733
reference_corpus/app/config20260718.app,app/config20260718.app,806d8a4217cb273b28e03fc168751e27a2c2d156f0d01cb605d25717fab30841
reference_corpus/app/config20260720.app,app/config20260720.app,b6a1f035613a6212fd674b357a7923c0cedcab189ae0b8c8a138f32cf1dd7361
reference_corpus/app/config20260721.app,app/config20260721.app,84e2df1da9f5d0b26f6254a301bc23329d76a4e1a61cae55228b6e35fb140439
reference_corpus/app/config20260722.app,app/config20260722.app,109ab637394d9db141fc5fd34e3a3377720b2daf925c65132023a77824751ac9
reference_corpus/app/config20260723_GPC_fixed.app,app/config20260723_GPC_fixed.app,177bf0368520a8b8809d5e1de4b65e4c4c7182df91cf560aca89446e0c537293
reference_corpus/app/config20260724.app,app/config20260724.app,fd766bff126448a192c85f43724a3456830ffa3cb0611e1ae7291414ef98ca97
reference_corpus/app/config20260727.app,app/config20260727.app,88b8f87ffc98b5f6fcbbfd1645b8ea39969e69ecf0928636bd553e7a2880a82e
reference_corpus/app/config20260728.app,app/config20260728.app,35f617a4d66e4586360f2996653172d3680c2013b7651fffb7c31cebc408bd34
reference_corpus/app/config20260729.app,app/config20260729.app,c8102be54f188e4f44a835458a9490947c09ddccbc536a79b9761db8d4d515aa
reference_corpus/app/config20260730.app,app/config20260730.app,1c8b00f2a61b760a7acbd8a68acaa5ae0c314b244cba61276aff5d49bb206875
reference_corpus/app/config20260730_sampling.app,app/config20260730_sampling.app,5ff496c173f2488dbd9e23fc2d2ac2337c79156a0cbb7af5e67eb2ae93436566
reference_corpus/app/config20260730_updated.app,app/config20260730_updated.app,bebb9601e776cac5d314d318d7341f39f2d71c604ddc8e014d05a71c0b53bee3
reference_corpus/app/config20260803.app,app/config20260803.app,0873162c0faf1cbbf0cbaff8fc63f4b41b0b4b0325f3c9ce747854d7918d113c
reference_corpus/app/config20260804.app,app/config20260804.app,f4b3781d7474b0d5ee2f7abb4f5284499762bd353815250b37e4daef38b0dd61
reference_corpus/app/config20260805.app,app/config20260805.app,1fa901025a17b058c6f9be608b427fdadc556c3a6ee239b8e5b9f9d7a43ce747
reference_corpus/app/config20260806.app,app/config20260806.app,03815f960fc17892a7cd92024caff5043325154b2c398d34944a1e24102f9e9e
reference_corpus/app/config20260807.app,app/config20260807.app,809aa306ad6bc25dae5fa9432a28c2c3aa4fe653eb24c58c970ad4cc6798d223
reference_corpus/app/config20260807_2nd.app,app/config20260807_2nd.app,2caf83c1fd2c3dae9162890eaf523752e19edcef073a798ad106ac296fd2452c
reference_corpus/app/config20260814.app,app/config20260814.app,9e7c878811b6826e4e65c9d447d2da1920be4f4d7e08a83b1f470c4b517ebb58
reference_corpus/app/config20260817.app,app/config20260817.app,8c867b804cf9a809bd351f08cda95d26edbe07ce492ef67b8fd3be614d00f8f1
reference_corpus/app/config20260818.app,app/config20260818.app,7f1999d7aa1da7f872f5f2b1da39d14c2c59acbd9702d6d39770c0d587a1d15f
reference_corpus/app/config20260819.app,app/config20260819.app,f2eab57e21171ade9481796dc8854f799c83ed47c02a6d634e7d3ac1b8b34384
reference_corpus/app/config20260819_no_evap.app,app/config20260819_no_evap.app,aa7ee8e9739d5f8782c5a0b3756af9cc5068167d75baa91183b301cc4a780171
reference_corpus/app/config20260820.app,app/config20260820.app,a4c5d0c742b00f832a5a16f2250fe2998e4d35a4e1193410e1a5ffaca91357b6
reference_corpus/app/config20260821.app,app/config20260821.app,3b279de33165770026b904c8bdc9b2c4d0c782b794eea88b723b2e69af05cec1
reference_corpus/app/config20260821_refactoring.app,app/config20260821_refactoring.app,0df39e4fb66b9c9777f01683fe8361da7382823ea53d6521804b904f56f90d5c
reference_corpus/app/config20260823.app,app/config20260823.app,5f88887796092fa60c43cc0aa92f3921544074c6515e75e9a32572a28c62b269
reference_corpus/app/config20260824.app,app/config20260824.app,8ab3171e8326e878a337c798a4bfc5a01e4fe1299d6c16804b41c24879bad377
reference_corpus/app/config20260825.app,app/config20260825.app,3f51cc7ecfd7e8046c3337e3ba89ec884ba3ed2fe9209e9da10001fbf7bcd73b
reference_corpus/app/config20260826.app,app/config20260826.app,db4f9bccb507fa4a6172d73a74b39ea4690f134af90ac0f48b159b63f1707201
reference_corpus/app/config20260827.app,app/config20260827.app,a010268ebd104f7b2c5551071fd69a063b416ce5d6d9e7c8d1b937d978bae433
reference_corpus/app/config20260828.app,app/config20260828.app,ccdb81f2cb32a6f9e2b1857e102e76752b37b0cf8527577d672880f0500e81cd
reference_corpus/app/config20260829.app,app/config20260829.app,9f5ff3828eaad54deb350bce0d6ea87101bc1f90b8e64e6b0b9789010a0ca078
reference_corpus/app/config20260831.app,app/config20260831.app,9f71ee4407ee33bf026b37906803efde2d5ec487931a9ee4e88b7222a3603d79
reference_corpus/app/config20260901.app,app/config20260901.app,678b2681861202059d30093e7e5f5e2abb8662ce1c08e717b4346f4c6194cf42
reference_corpus/app/config20260902.app,app/config20260902.app,6970f1b7c9669661064f0a8dabfcfc9672cc2f39e0dcf402f07935a1641ae71e
reference_corpus/app/config20260902_2.app,app/config20260902_2.app,bff80fc36638d81a64e0f09cb1c9d0a53b0943943dea3b555bfe8afa74acc416
reference_corpus/app/config20260902_3.app,app/config20260902_3.app,d3a74958b4addda00da0e2377ee5a0e19da56747b362f99037f1d399027af42a
reference_corpus/app/config20260903.app,app/config20260903.app,f8c9eca73ef91b333e42eded07851b2a0c226aec289a6501d3bd1a0dd633ccb7
reference_corpus/app/config20260903_2.app,app/config20260903_2.app,22d098d89243f392ae9431d0e031827fe946aef19ffd122522f841caa16f557e
reference_corpus/app/config20260903_3.app,app/config20260903_3.app,2f84c6686fd447cdfad30ebc4846216e74077e71588371233c8ce2ce897392bb
reference_corpus/app/config20260904.app,app/config20260904.app,ee54447131a943bf6c4b023c807de00fa8ea5d67ff9663e7b6fdb91a429d743c
reference_corpus/app/config20260907.app,app/config20260907.app,fb8fb65a7287fb9fce18ad585a94c1539ee944db8f3ff63f1964d35ab2c0f1bc
reference_corpus/app/config20260907_sample_loop_check.app,app/config20260907_sample_loop_check.app,73031871be6f0a2d363a8d259ee9b061ed1decdd506ae9960aebcc098c47744a
reference_corpus/app/config20260908_polymerization.app,app/config20260908_polymerization.app,c63ee7c4d1e56ed5710923805be01178dfa1b46f32edf14e4b4fa34275e5fa50
reference_corpus/app/config20260908_sample_loop_check.app,app/config20260908_sample_loop_check.app,03951582bdacb5da0419443453d43ad854fa58815007d1fb79a0f380c2908e19
reference_corpus/app/config20260909_polymerization.app,app/config20260909_polymerization.app,757854f4fc7c33ce8c14b02003a97d78263c34e8c5154638bd1a0d8e3b1bbcf5
reference_corpus/app_catalog.csv,catalogs/app_catalog.csv,99ebd29ceeb810a51f700edca5583f55b2a62373d322abd3226a9a4d20c40b51
reference_corpus/app_catalog.json,catalogs/app_catalog.json,fa0891996652cc3ae2bb0dfccf4c977041a965f77b4ed0720df9f6369d6d2077
reference_corpus/asfp/DynamicTransferVolumectrically.asfp,asfp/DynamicTransferVolumectrically.asfp,470f99a9d26a4ab74a6adb69647c3bf1e4acf7b3cb76ebccf78f7b0a82fce9a2
reference_corpus/asfp/DynamicTransferVolumectrically_2.asfp,asfp/DynamicTransferVolumectrically_2.asfp,7610ed83e166f1379b24cda7e02471971e834bc2d6e92e2a8c0556613c8aa2f6
reference_corpus/asfp/GetAspirateChunk.asfp,asfp/GetAspirateChunk.asfp,9338bef0b631ed74af5a1ca81af59e66616ebf77a98413fe8f3f7256a26fda7d
reference_corpus/asfp/GetAspirateChunkVol.asfp,asfp/GetAspirateChunkVol.asfp,3171399810f0a2754332ae6dc376f3a5ed851f7a2ed9518410128b80493b8b33
reference_corpus/asfp/GetAspirateChunkVol2.asfp,asfp/GetAspirateChunkVol2.asfp,ba0fbcd3775b512dea30fc166e1ad2bcfd08c91f468d657acd1ffd4a5cb79181
reference_corpus/asfp/LoadReagentVolume.asfp,asfp/LoadReagentVolume.asfp,e54f5ef85a8e7353a71922bfe1c02bb836759d22f785edf28a27f165f4d5c392
reference_corpus/asfp/LoadReagentVolume2.asfp,asfp/LoadReagentVolume2.asfp,f3887369bb0ca10dbd001889bb996e1eb7264ef2a0e3bf49784fc61b5e5b68bd
reference_corpus/asfp/LoadReagentVolume3.asfp,asfp/LoadReagentVolume3.asfp,b638b1dee8bdb9a5dc81d0a68eed0747a4812025ded97aa767aef3a25c085442
reference_corpus/asfp/PrepareGPCSample.asfp,asfp/PrepareGPCSample.asfp,d00608f09474604edd8b35fe27b93a43d24206f33ca37303faf337be7bf7fe80
reference_corpus/asfp/SERVARREFERENCE.asfp,asfp/SERVARREFERENCE.asfp,bf6831672dbb5da8c21709683a60a47836fd56634644bece31cf328c11db5a1c
reference_corpus/asfp/SetISynthDrawerValve.asfp,asfp/SetISynthDrawerValve.asfp,8089b337059fb537aabdc60bd35d61dfed2b945e18e4b01357e173c5b6cb9674
reference_corpus/asfp/TEST05IF_export.asfp,asfp/TEST05IF_export.asfp,a499e29f79ee0d7dfdf52f740b6f45b8b710a16626b9ece69ee9d29ecf4f151f
reference_corpus/asfp/TEST06FIXEDIFELSE_export.asfp,asfp/TEST06FIXEDIFELSE_export.asfp,e2b1215bda3a23f2f9a4cf26c601ed3078ab35989a291080d9027a82d8ee820b
reference_corpus/asfp/TEST10FIXED2DirectIFELSE_export.asfp,asfp/TEST10FIXED2DirectIFELSE_export.asfp,aadf3b1b40c96969d450fc598363bddca5992f615160c2fd587426c314e0bbc8
reference_corpus/asfp/Test01_EmptyFunction.asfp,asfp/Test01_EmptyFunction.asfp,e80f011fcedfa1c7d195f4ef398469200771cd817ed4da631f8b683ab7b5f637
reference_corpus/asfp/Test02_FIXED_LocalVariable.asfp,asfp/Test02_FIXED_LocalVariable.asfp,17f90e7885a1931617283d84524a5cc6b28dbf05510401d6d6393e8d54dc446c
reference_corpus/asfp/Test02_LocalVariable.asfp,asfp/Test02_LocalVariable.asfp,5a55a989d8ac524648884abcd37f45c7231bbdacccb4a9cf3cd3f810437dcba3
reference_corpus/asfp/Test03_FIXED2_SetVariable.asfp,asfp/Test03_FIXED2_SetVariable.asfp,3b07529925efe19bf5131956b78c7d464d65edf13c8da22b6a7ec82690b57e7e
reference_corpus/asfp/Test03_FIXED_SetVariable.asfp,asfp/Test03_FIXED_SetVariable.asfp,8a39e8c5c69336884691a5c73019488dfd5e32c5ebddd24fe4911804b8aaee63
reference_corpus/asfp/Test03_SetVariable.asfp,asfp/Test03_SetVariable.asfp,41dd9d836b1f76f8c42536e134d43ec8465d5f2f4e9ad4f605de3376695a1b01
reference_corpus/asfp/Test04_ExecuteFunction.asfp,asfp/Test04_ExecuteFunction.asfp,e35995f61ad61126ff113dca42134af57c0498bf8a9de6fafa4cce73743ff582
reference_corpus/asfp/Test04_FIXED_ExecuteFunction.asfp,asfp/Test04_FIXED_ExecuteFunction.asfp,ce615f699f65dffefc439c59a0814e846e24ea992e9109b5cc195e46ba867575
reference_corpus/asfp/Test05_FIXED_If.asfp,asfp/Test05_FIXED_If.asfp,05bb4d79fb1d8a3cc1e63812e28f35617d7bf16759c53ea8e5a8a95780bc8576
reference_corpus/asfp/Test05_If.asfp,asfp/Test05_If.asfp,efea032cec4737f7b2cb167d3817bd6b75e9d841a847a71cfd1e10f941c10282
reference_corpus/asfp/Test06_FIXED_IfElse.asfp,asfp/Test06_FIXED_IfElse.asfp,f06ef8560ecba5c12f8bf439a4a59994c75b114cdf336806dd553490fed434b2
reference_corpus/asfp/Test06_IfElse.asfp,asfp/Test06_IfElse.asfp,df13fa83423dc056791780eb6a8419544f88639a75f437fbc64826a9d639f1da
reference_corpus/asfp/Test07_FIXED_While.asfp,asfp/Test07_FIXED_While.asfp,b9ce3b84b2fea30db2b8a4e6c78fd69249cc502195dc39b161cf94ddc9ef20bc
reference_corpus/asfp/Test07_While.asfp,asfp/Test07_While.asfp,529fc1d99eae080a33104a22935130ddbbdbf577ceaa3305dc217cecd9027e18
reference_corpus/asfp/Test08_DirectIf_NoOuterMacro.asfp,asfp/Test08_DirectIf_NoOuterMacro.asfp,cca25778a2b8407a3b6f2e829166a39f8c06e0ec47a596e7700491b640e659d1
reference_corpus/asfp/Test09_DirectWhile_NoOuterMacro.asfp,asfp/Test09_DirectWhile_NoOuterMacro.asfp,5cd85c36a0f3491b7f82c054b21e10ff536386ae596da68d76c6250c883bac4e
reference_corpus/asfp/Test10_DirectIfElse_NoOuterMacro.asfp,asfp/Test10_DirectIfElse_NoOuterMacro.asfp,6db6fcd93c714514994102a7055c546c190191fe071797b33435f7b351e0965a
reference_corpus/asfp/Test10_FIXED2_IfElse_BranchNested.asfp,asfp/Test10_FIXED2_IfElse_BranchNested.asfp,1bbb3ddae9ded8f02de2c950d2f2b7559c8f1839be7e6da51e9cc5f958a62953
reference_corpus/asfp/Test10_FIXED3_IfElse_ExactStructure.asfp,asfp/Test10_FIXED3_IfElse_ExactStructure.asfp,a83a32a8054c46eabcaa240b4f09c74369e465f9c16cc5a69a4ca6a5777ec8a5
reference_corpus/asfp/Test11A_RealInOut_DirectSet.asfp,asfp/Test11A_RealInOut_DirectSet.asfp,f08e77995c82a5c6e31fd2b832b9f14280c601ce07edf717468237ba8c25bbf2
reference_corpus/asfp/Test11B_RealInOut_DirectSet.asfp,asfp/Test11B_RealInOut_DirectSet.asfp,3965fc753e6f313bece48dcd93af43814adb6734c69371bb540c0cb7e26ba4cd
reference_corpus/asfp/Test11C_RealInOut_DirectSet.asfp,asfp/Test11C_RealInOut_DirectSet.asfp,634274b0f6d3d6f44d062e66dcfbb33492b107ead35066552b5c5a362c5f201b
reference_corpus/asfp/Test11_FIXED_RealInOut_DirectSet.asfp,asfp/Test11_FIXED_RealInOut_DirectSet.asfp,cb929135cb533808a9aaad67b31e438180ae609bbc05d1ba80c4da1b51fa166d
reference_corpus/asfp/Test12A_CallBinding_RealInOut.asfp,asfp/Test12A_CallBinding_RealInOut.asfp,cd03225f31d4a2fe13f76b7f8cfd9a95e1c800468e7c2c96e91940a14ed53d09
reference_corpus/asfp/Test12B_CallBinding_RealInOut.asfp,asfp/Test12B_CallBinding_RealInOut.asfp,0917260748d9758fc61b472d57318a5a9335492394bec36bbc6eff02803482b1
reference_corpus/asfp/Test12C_CallBinding_RealInOut.asfp,asfp/Test12C_CallBinding_RealInOut.asfp,54149f5b7130df8a2cf5bcca2e7216dbd146eb88ebe1244abfdb647daa427923
reference_corpus/asfp/Test12_FIXED_CallBinding_RealInOut.asfp,asfp/Test12_FIXED_CallBinding_RealInOut.asfp,cb8bc38eeaa2bdc6005be10a6f727869ce7bc7d44b2dfe62b1a0c1d86df52890
reference_corpus/asfp/ThrowError.asfp,asfp/ThrowError.asfp,449e7d53eedc335a1765b3ccf8534239932b2866257af85e1b615d239845dbf6
reference_corpus/asfp/aaa_sequential_zone.asfp,asfp/aaa_sequential_zone.asfp,c84f9bf20e02c2d2d9ec6bfde6b48dfbfbad3f74309a5724b3980ed3fa827c49
reference_corpus/asfp/functionsPackage0901.asfp,asfp/functionsPackage0901.asfp,616197eeb8825551748df40aad7610a569e7e7f8da938558c080c12b2b721a31
reference_corpus/asfp/functionsPackage2.asfp,asfp/functionsPackage2.asfp,f7ec5a346cf062a080cdcc5ed13fdbec642abb861881f378bdffae02af64c74a
reference_corpus/asfp/functionsPackage_0828.asfp,asfp/functionsPackage_0828.asfp,0f667a4549d73f634c0012b4bfc156cf9732e7f6fb1c9f647e42c274637b214f
reference_corpus/asfp/functionsPackage_0828_03.asfp,asfp/functionsPackage_0828_03.asfp,87d02b810851d60e909456427a74e373de466644daa1d839c0fcb395ab1afac9
reference_corpus/asfp/functionsPackage_0828_2.asfp,asfp/functionsPackage_0828_2.asfp,2512fc6b9be32d664ce39af9ad9190af1a0ae6d93b1eca64859e5991bef44a00
reference_corpus/asfp/functionsPackage_0909.asfp,asfp/functionsPackage_0909.asfp,f891feff8c323af1b80140c4fbe2526fc80087d650bdf7fd29b86ad44e0b724b
reference_corpus/asfp/functionsPackage_2.asfp,asfp/functionsPackage_2.asfp,fddcffdaeaad2eef89e3f315c13abd91259a7988ca655f3b54306ed46867ee2b
reference_corpus/asfp/functionsPackage_3.asfp,asfp/functionsPackage_3.asfp,848db2f841b7a80a1b80dc103184ebe25ea1bf4362795eb18bf6c1c8d85adec5
reference_corpus/asfp/functionsPackage_4.asfp,asfp/functionsPackage_4.asfp,d3f25d2d52b11538d14960fc7b2d821c0ee71c3014ae4dcea713a6595e0efcc6
reference_corpus/asfp/functionsPackage_5.asfp,asfp/functionsPackage_5.asfp,616144f56d51bc87813c76e0641a8364bd0ade6dc2bad5cd676636d48cbe8a42
reference_corpus/asfp/functionsPackage_6.asfp,asfp/functionsPackage_6.asfp,ce827211bb9bcafeac6b713d443e801c9d54f93f25c570dd0778d131bc8db48c
reference_corpus/asfp/functionsPackage_all.asfp,asfp/functionsPackage_all.asfp,5b82586d42cf265fe9a8ec08d2f6715aa5f678a91c9644fa1ca48065dcaaf140
reference_corpus/asfp/functionsPackage_callee_caller.asfp,asfp/functionsPackage_callee_caller.asfp,0f4454da896a7e676fe0eb3a08fbc4601517aa5931376ba91bb8fa810732941b
reference_corpus/asfp/functionsPackage_callee_caller_2.asfp,asfp/functionsPackage_callee_caller_2.asfp,46358c653ea90b55791c58cff22a28a9940d9289b9081b69c083cab1df903ffc
reference_corpus/asfp/get_chunk.asfp,asfp/get_chunk.asfp,a5f26e8af079d6645c73cbaa3952d6bfbb17a58beccbec19a8422aab19d02e67
reference_corpus/key_function_evolution.csv,catalogs/key_function_evolution.csv,36de8504694ac9d89c2d2c96a7eceee3018cdadf0caad59d689999502030939d
schema/app_path_profile.json,schema/app_path_profile.json,689db4a209b1721a3c70645c6eb6ae60d968b6ca6c6fbf92706fe3bed5836ff4
schema/asfp_path_profile.json,schema/asfp_path_profile.json,8899c6047a3dbe488bcd032d4c52cd6da62656b0f2fcd75e15c8abb3dacf3bbd
schema/empirical_type_catalog.csv,schema/empirical_type_catalog.csv,0ef4a5985422c2218ac7a7fc1adf2f5e70d4db1990b5dc643430bd63fdf8e50c
schema/empirical_type_catalog.json,schema/empirical_type_catalog.json,38317f7fc7e9ab4a9a8a14ee2c3da2ad1a9c01e86ff9545973da67f82fe7ce0f
schema/golden_diffs/Test02_LocalVariable.asfp__VS__Test02_FIXED_LocalVariable.asfp.diff,schema/golden_diffs/Test02_LocalVariable.asfp__VS__Test02_FIXED_LocalVariable.asfp.diff,b8e6f9278ee2c7f8ef9a97d7e83ca309ad9751905e11e0ec0b1e0fc11d5ade9f
schema/golden_diffs/Test03_SetVariable.asfp__VS__Test03_FIXED_SetVariable.asfp.diff,schema/golden_diffs/Test03_SetVariable.asfp__VS__Test03_FIXED_SetVariable.asfp.diff,bd192b86a1f8599a5774ef71add6720439a6a144e70d1ca172478e212e5dc47f
schema/golden_diffs/Test04_ExecuteFunction.asfp__VS__Test04_FIXED_ExecuteFunction.asfp.diff,schema/golden_diffs/Test04_ExecuteFunction.asfp__VS__Test04_FIXED_ExecuteFunction.asfp.diff,0e08cb67c19e43f7ae668372024af7531d857e7312d7f71c331367af408ce7d5
schema/golden_diffs/Test05_If.asfp__VS__Test05_FIXED_If.asfp.diff,schema/golden_diffs/Test05_If.asfp__VS__Test05_FIXED_If.asfp.diff,49f8a5c370aaf76ad99a1dc6640208b3ba272f82664ff84005d543e23f21a463
schema/golden_diffs/Test06_IfElse.asfp__VS__Test06_FIXED_IfElse.asfp.diff,schema/golden_diffs/Test06_IfElse.asfp__VS__Test06_FIXED_IfElse.asfp.diff,adc4808f9dc0cd2e92a467d41e32ed9257a9539848d671bf332e6eed5c38f33c
schema/golden_diffs/Test07_While.asfp__VS__Test07_FIXED_While.asfp.diff,schema/golden_diffs/Test07_While.asfp__VS__Test07_FIXED_While.asfp.diff,0fa65d5ef2d8a7209c12eacf32f835c651e734aa102ac341003bb471340488c7
schema/golden_diffs/Test10_FIXED2_IfElse_BranchNested.asfp__VS__Test10_FIXED3_IfElse_ExactStructure.asfp.diff,schema/golden_diffs/Test10_FIXED2_IfElse_BranchNested.asfp__VS__Test10_FIXED3_IfElse_ExactStructure.asfp.diff,9bb8dc0cc1c4804e75c4a01a1d80b74ba7ee95fdd8d72e1c53e9dd3fc3881fd3
schema/type_templates/00_Chemspeed.SADeviceAccelerator.1_representative.xml,schema/type_templates/00_Chemspeed.SADeviceAccelerator.1_representative.xml,a198295fba0cb4b80915f1f99d931e41785ed8e7b75acd3458cff1826db8401f
schema/type_templates/01_Chemspeed.SADeviceController.1_representative.xml,schema/type_templates/01_Chemspeed.SADeviceController.1_representative.xml,a106b03dfd9353a3d04cb7b218785f31b026e81214bef3f0d1beee45d3c17ea7
schema/type_templates/02_Chemspeed.SADeviceDigitalOutput.1_representative.xml,schema/type_templates/02_Chemspeed.SADeviceDigitalOutput.1_representative.xml,3eb781a766b158f574670c420c38354e7d2a77b02c3663251f98f563dbb68b1d
schema/type_templates/03_Chemspeed.SADeviceDiluter.1_representative.xml,schema/type_templates/03_Chemspeed.SADeviceDiluter.1_representative.xml,88dd78124083e1fc6767edda052cca5102857c511cbed62761401c012a70caa7
schema/type_templates/04_Chemspeed.SADeviceGDUPS.1_representative.xml,schema/type_templates/04_Chemspeed.SADeviceGDUPS.1_representative.xml,99029fcb0698031c333c7c836ff17c841729650cc3bc6b333fceac13862adf04
schema/type_templates/05_Chemspeed.SADeviceGasMonitor.1_representative.xml,schema/type_templates/05_Chemspeed.SADeviceGasMonitor.1_representative.xml,a30fe69011eeeb45d723fda49e41173eaf002fd198c66fd9840a4752d8942290
schema/type_templates/06_Chemspeed.SADeviceGripper.1_representative.xml,schema/type_templates/06_Chemspeed.SADeviceGripper.1_representative.xml,c4c84d6bea25e4d275a589327bfae5f4842dbedd0aa01c06c4589edd66e3c48e
schema/type_templates/07_Chemspeed.SADeviceHPLCValve.1_representative.xml,schema/type_templates/07_Chemspeed.SADeviceHPLCValve.1_representative.xml,5cf9ee95e8c425b765a3a275afa1b1cc99effaacce4755c383a9e6ec668e9f88
schema/type_templates/08_Chemspeed.SADeviceISynthBlock2.1_representative.xml,schema/type_templates/08_Chemspeed.SADeviceISynthBlock2.1_representative.xml,aa777fba2e78aabeee237ffc462e69725b3fa8ca4a65a1e1983f141adb26d7b2
schema/type_templates/09_Chemspeed.SADeviceIndividualShaker.1_representative.xml,schema/type_templates/09_Chemspeed.SADeviceIndividualShaker.1_representative.xml,e33b28adfccea9096e1fe9654f5fd51ef1835bc0e9d05450ccb1300e6f861ff1
schema/type_templates/10_Chemspeed.SADeviceNeedle.1_representative.xml,schema/type_templates/10_Chemspeed.SADeviceNeedle.1_representative.xml,37de9cac76acdf1677c96b805ebc92b7f04d8931aa65733c973ee5853a12521f
schema/type_templates/11_Chemspeed.SADeviceNeedleHead.1_representative.xml,schema/type_templates/11_Chemspeed.SADeviceNeedleHead.1_representative.xml,18a618a13ba5bf2a0ce5fdd29722672894a83cf84b4f42990519043635f78dd6
schema/type_templates/12_Chemspeed.SADeviceNodeValue.1_representative.xml,schema/type_templates/12_Chemspeed.SADeviceNodeValue.1_representative.xml,e16bc6ef071c6a73b66321c5bdf6c4afe72d74ebe75fb8a1dccf81938f416099
schema/type_templates/13_Chemspeed.SADeviceThermostat.1_representative.xml,schema/type_templates/13_Chemspeed.SADeviceThermostat.1_representative.xml,ee382f14e43a27c9f8b738e07e1a2ff87fee54f49cdf17214dc4c2d3c793238d
schema/type_templates/14_Chemspeed.SADeviceVacuumPump.1_representative.xml,schema/type_templates/14_Chemspeed.SADeviceVacuumPump.1_representative.xml,9a5d1b7725626564b268750c179c58839bc6a310d26bd9fd26b17786491b1920
schema/type_templates/15_Chemspeed.SAElementManager.1_representative.xml,schema/type_templates/15_Chemspeed.SAElementManager.1_representative.xml,7dd3e365347cd16a40ee93348106363904ad6f1a902740595f305ad857c34281
schema/type_templates/16_Chemspeed.SAFunctionManager.1_representative.xml,schema/type_templates/16_Chemspeed.SAFunctionManager.1_representative.xml,04f1b246d5ae984b0059762ce9c0b61026dfc041117537b435d0b01d55258722
schema/type_templates/17_Chemspeed.SAMacroTask.1_representative.xml,schema/type_templates/17_Chemspeed.SAMacroTask.1_representative.xml,90a289d266b982044e8c009af2ade0facc4d4c89ddb173eab7f97bb36b7a5ace
schema/type_templates/18_Chemspeed.SAMoModulePlate.1_representative.xml,schema/type_templates/18_Chemspeed.SAMoModulePlate.1_representative.xml,4785193a949320e13c2ba8059d077c91d0942bd3094f3a42c622f0b06945b326
schema/type_templates/19_Chemspeed.SAMoSolidContRackHolder.1_representative.xml,schema/type_templates/19_Chemspeed.SAMoSolidContRackHolder.1_representative.xml,f8c0f5bd57a3fe676ada22922c6c2888bf0880ae86ae1278e088701508e9ee97
schema/type_templates/20_Chemspeed.SAModule3MTP.1_representative.xml,schema/type_templates/20_Chemspeed.SAModule3MTP.1_representative.xml,4dc6112c08bedb53220c2f2571489ad5adb8d46b208a3c404686d13b06161cc9
schema/type_templates/21_Chemspeed.SAModuleBottlePlateHolder.1_representative.xml,schema/type_templates/21_Chemspeed.SAModuleBottlePlateHolder.1_representative.xml,3c765f29711f130891482ea9c1e7bd9d88ff509b885c1d68747c058363023cd4
schema/type_templates/22_Chemspeed.SAModuleConfigurableHolder.1_representative.xml,schema/type_templates/22_Chemspeed.SAModuleConfigurableHolder.1_representative.xml,d49ad3b4bb54d03e38fa485c08de48e70d78a4d2f6e8c75cd1433ff8cae3a9aa
schema/type_templates/23_Chemspeed.SAModuleConfigurableRack.1_representative.xml,schema/type_templates/23_Chemspeed.SAModuleConfigurableRack.1_representative.xml,b8c79fd25409c21aec5e8a709ad96595ff5a8cec5ccfcea7dbb410fc89e410f2
schema/type_templates/24_Chemspeed.SAModuleDilutorsParkStn.1_representative.xml,schema/type_templates/24_Chemspeed.SAModuleDilutorsParkStn.1_representative.xml,765df0d08e1a35ef639fecc7198b2328ddc7e9e2b74d63867e465ed68bed6d9b
schema/type_templates/25_Chemspeed.SAModuleDoubleLevelDrawer.1_representative.xml,schema/type_templates/25_Chemspeed.SAModuleDoubleLevelDrawer.1_representative.xml,a51b852c9e6accab45db58dd0437f6c17772a0967ef71fa8c6cdc2ddcd8eb2a2
schema/type_templates/26_Chemspeed.SAModuleGDUPSContainerRack.1_representative.xml,schema/type_templates/26_Chemspeed.SAModuleGDUPSContainerRack.1_representative.xml,9bdf7dacf642bfb511eb2d6953c95fb964e8331c68a90b3630c690000eb91983
schema/type_templates/27_Chemspeed.SAModuleGripperParkStation.1_representative.xml,schema/type_templates/27_Chemspeed.SAModuleGripperParkStation.1_representative.xml,f9061c2bcb47844bbb75e924f89750329f1ecfd39f48631e09aab3fec0b86d8a
schema/type_templates/28_Chemspeed.SAModuleNHParkStation.1_representative.xml,schema/type_templates/28_Chemspeed.SAModuleNHParkStation.1_representative.xml,155e7a48641babed224fae2a1cd598affc8ee232cf1f40713d8a96fca171ea41
schema/type_templates/29_Chemspeed.SAModuleRack.1_representative.xml,schema/type_templates/29_Chemspeed.SAModuleRack.1_representative.xml,fec3c1418ca66af9608da4e0b3096e3fb87ab5d8516f218a458f93783203e962
schema/type_templates/30_Chemspeed.SAModuleReservoirBottle.1_representative.xml,schema/type_templates/30_Chemspeed.SAModuleReservoirBottle.1_representative.xml,b06e9c5b93aa22334393e411fb384f7a9f8db80e7306751249aba7c12e6eaf36
schema/type_templates/31_Chemspeed.SAModuleSDUParkStation.1_representative.xml,schema/type_templates/31_Chemspeed.SAModuleSDUParkStation.1_representative.xml,a5bfdb8aef8cd59788552669e671a8ebdcb5cb125613fc190acf5e6d1bee9c97
schema/type_templates/32_Chemspeed.SAModuleSPERack.1_representative.xml,schema/type_templates/32_Chemspeed.SAModuleSPERack.1_representative.xml,eb1e613bf6f56bef0a50f80bf87564ed49864700a4b631b588097278010a7756
schema/type_templates/33_Chemspeed.SAModuleThreeTrayThirds.1_representative.xml,schema/type_templates/33_Chemspeed.SAModuleThreeTrayThirds.1_representative.xml,706421351ec7693695551a6426cdc5b452809308d2b1e395f30adc5cf4f16d2b
schema/type_templates/34_Chemspeed.SAModuleTrayA80.1_representative.xml,schema/type_templates/34_Chemspeed.SAModuleTrayA80.1_representative.xml,074f26c3019709d407fe0728c1bb2ee5ce27184f85efb5da7302fe2ba44917e1
schema/type_templates/35_Chemspeed.SAModuleTrayT101.1_representative.xml,schema/type_templates/35_Chemspeed.SAModuleTrayT101.1_representative.xml,bd6f5fd706f3645096eaa846d7a629afa9abaafae32f1d04b8b4af5e705b173a
schema/type_templates/36_Chemspeed.SAModuleWashStation.1_representative.xml,schema/type_templates/36_Chemspeed.SAModuleWashStation.1_representative.xml,31100370ad09077c91af7c3a98de3aded079b51ebebe78867530491a286a19d0
schema/type_templates/37_Chemspeed.SAParallelTask.1_representative.xml,schema/type_templates/37_Chemspeed.SAParallelTask.1_representative.xml,9b1b7d97666c4039dbfa2eec3bd3d44ba1dd2f1e4854c9f21e9c1936fce328a3
schema/type_templates/38_Chemspeed.SASingleThreadTask.1_representative.xml,schema/type_templates/38_Chemspeed.SASingleThreadTask.1_representative.xml,61c2234733d0ea9013bfeea7a21aa5e0a0b507f2fe1e064218af41c2445e9856
schema/type_templates/39_Chemspeed.SATaskCondition.1_representative.xml,schema/type_templates/39_Chemspeed.SATaskCondition.1_representative.xml,ae06ae56eed18fbd5eab287f994762fd736d98ecf2a74ee92903edf0c1c29df0
schema/type_templates/40_Chemspeed.SATaskEventFunction.1_representative.xml,schema/type_templates/40_Chemspeed.SATaskEventFunction.1_representative.xml,2b39cde8bdd0d45aec59c6745a23601a4e519c0c10ca63457cdf0ed9205f9c58
schema/type_templates/41_Chemspeed.SATaskExecuteFunction.1_representative.xml,schema/type_templates/41_Chemspeed.SATaskExecuteFunction.1_representative.xml,cf3f3f0e0533d718e22b41b07a6cecba0e4449db54d1904a36f05c69a521b6a1
schema/type_templates/42_Chemspeed.SATaskExecuteOperation.1_representative.xml,schema/type_templates/42_Chemspeed.SATaskExecuteOperation.1_representative.xml,646b29428f217946c930c5f657682c4e28a232bd919f937a8f944928e8a512ab
schema/type_templates/43_Chemspeed.SATaskExportCSV.1_representative.xml,schema/type_templates/43_Chemspeed.SATaskExportCSV.1_representative.xml,080274463a45be6e3ed71f21e76578eb53ac69a3ea6eb1bc1cc7b1314bda5709
schema/type_templates/44_Chemspeed.SATaskFunctionDefinition.1_representative.xml,schema/type_templates/44_Chemspeed.SATaskFunctionDefinition.1_representative.xml,2d36f070ab942d410f8f573aa7a18f0fa821500d9827564c187d03efd2c4652b
schema/type_templates/45_Chemspeed.SATaskGetProperty.1_representative.xml,schema/type_templates/45_Chemspeed.SATaskGetProperty.1_representative.xml,f0c676dfcdc7145cb9224f0d4b8dd13849fad1162ac3934f7d96c743f78fb206
schema/type_templates/46_Chemspeed.SATaskImportCSV.1_representative.xml,schema/type_templates/46_Chemspeed.SATaskImportCSV.1_representative.xml,c1b1fecf6c1fc9ae56237fe7ea0a8a9dd6178828890acd792c9d3f3feb41c4aa
schema/type_templates/47_Chemspeed.SATaskInterrupt.1_representative.xml,schema/type_templates/47_Chemspeed.SATaskInterrupt.1_representative.xml,d227e1800c0c1d5d74acf0e00fa378e79d75275da9a677168cfd3caea899ab1a
schema/type_templates/48_Chemspeed.SATaskLiquidTransfer.1_representative.xml,schema/type_templates/48_Chemspeed.SATaskLiquidTransfer.1_representative.xml,a4beaf878ffb0de4e52852fc7b1659e0d975e6213d98dabcebd511f185084e03
schema/type_templates/49_Chemspeed.SATaskLogData.1_representative.xml,schema/type_templates/49_Chemspeed.SATaskLogData.1_representative.xml,0c548bd90b5fa0a4466b94f3a8bfd8551c19b3dcde7a1f71b063fd0b7c70aacd
schema/type_templates/50_Chemspeed.SATaskManager.1_representative.xml,schema/type_templates/50_Chemspeed.SATaskManager.1_representative.xml,d9f0435565d94df5f5035e1577cc7bbdd52eae1d637532f01850f2761173795d
schema/type_templates/51_Chemspeed.SATaskPeripheralTemperature.1_representative.xml,schema/type_templates/51_Chemspeed.SATaskPeripheralTemperature.1_representative.xml,025177579c11d34363079844000253f250a126952501c6678ab247f8c30a8c90
schema/type_templates/52_Chemspeed.SATaskRunExecutable.1_representative.xml,schema/type_templates/52_Chemspeed.SATaskRunExecutable.1_representative.xml,d12420399dbcddf8c93ee2e729010a22912c64eae6e897a822c76fe8217e1e86
schema/type_templates/53_Chemspeed.SATaskSetAgitation.1_representative.xml,schema/type_templates/53_Chemspeed.SATaskSetAgitation.1_representative.xml,272d262000e569f748b89f98a2ab0f1a57faaef62043a31aa2d1a2748e0f433f
schema/type_templates/54_Chemspeed.SATaskSetElectricalContact.1_representative.xml,schema/type_templates/54_Chemspeed.SATaskSetElectricalContact.1_representative.xml,57ba429652f444567722ea91c4b4799af69a6dea7878698e7b01c25d7b7849c4
schema/type_templates/55_Chemspeed.SATaskSetProperty.1_representative.xml,schema/type_templates/55_Chemspeed.SATaskSetProperty.1_representative.xml,c88df78bb421ac4d1930a7b112793de31f2bf8e7818abc9b55a3679ad89ab1d0
schema/type_templates/56_Chemspeed.SATaskSetReactionBlockState.1_representative.xml,schema/type_templates/56_Chemspeed.SATaskSetReactionBlockState.1_representative.xml,9cad845a7d0a5f51c7d13dcd1fd7f53ffe3f847beed56ebb79e4b83ef94e3537
schema/type_templates/57_Chemspeed.SATaskSetReflux.1_representative.xml,schema/type_templates/57_Chemspeed.SATaskSetReflux.1_representative.xml,ba545acd0acdedd8d4f36b6f06f34874f0677cf65003ceae1723ad3a6e9fe4d2
schema/type_templates/58_Chemspeed.SATaskSetTemperature.1_representative.xml,schema/type_templates/58_Chemspeed.SATaskSetTemperature.1_representative.xml,855842cbc949611a7d8fe1c242dfd128252d457714fef7f803e982113c94e801
schema/type_templates/59_Chemspeed.SATaskSetTimer.1_representative.xml,schema/type_templates/59_Chemspeed.SATaskSetTimer.1_representative.xml,e4a4603c05c456a0a32062aba7e1a17a401eaadf3516b6a7b361b1e24c20d698
schema/type_templates/60_Chemspeed.SATaskSetVacuum.1_representative.xml,schema/type_templates/60_Chemspeed.SATaskSetVacuum.1_representative.xml,c77522f64a8016e6214b5ce9524cdb185ec29072fc7ce69e2c9767e57201a5a0
schema/type_templates/61_Chemspeed.SATaskSetVariable.1_representative.xml,schema/type_templates/61_Chemspeed.SATaskSetVariable.1_representative.xml,dfa51cf83efa50f3c97c5538bc3b2d8a5ea4eb34ab82507aba1f51b4db94b2b8
schema/type_templates/62_Chemspeed.SATaskSolidTransfer.1_representative.xml,schema/type_templates/62_Chemspeed.SATaskSolidTransfer.1_representative.xml,c0c88e97ce4a1f17b0a11e8134fa111ea78245f9a8697ca7626bf9d94999230e
schema/type_templates/63_Chemspeed.SATaskUserDialog.1_representative.xml,schema/type_templates/63_Chemspeed.SATaskUserDialog.1_representative.xml,fa06dc189b6d77982f61f44c81845c3253693b3544e223b76e2db6a8c5961269
schema/type_templates/64_Chemspeed.SATaskWait.1_representative.xml,schema/type_templates/64_Chemspeed.SATaskWait.1_representative.xml,f9d45f1d96ff16f11139a7e14ebaee65a9d20321ca4dd0a44148c986d7df97a0
schema/type_templates/65_Chemspeed.SAZone.1_representative.xml,schema/type_templates/65_Chemspeed.SAZone.1_representative.xml,90d56134972b8f423a233be963d76235c2e3fd0cfbbd7a102e1f478f0a7d4bbb
schema/type_templates/66_Chemspeed.SAZoneManager.1_representative.xml,schema/type_templates/66_Chemspeed.SAZoneManager.1_representative.xml,5a07856b04d31777375f75121af754e37c1933a0ef6dad8ef7210e0eea118099
schema/type_templates/INDEX.csv,schema/type_templates/INDEX.csv,2474959013d799d5ea74d4cf0147ab9f0d4a0b467dbf32ca94f6f8398edcf450
schema/variable_storage_observations.json,schema/variable_storage_observations.json,2780146f262038a9c29632e0c20d3e7d892236563dab58faaba8075ce20a9864
source_corpus/1001.9796.T AutoSuite Software Manual.pdf,manual/1001.9796.T AutoSuite Software Manual.pdf,69a79cf74a1447587d53a296aa68b712bf8cb052ad73c2b2629ebe837e1e8728
source_corpus/original_archives/app_type_files.zip,archives/app_type_files.zip,5aaebb2a8838bfdb97adf9cb38c3fef6d4f2d1fbea06135cdf4fb4bf9fbd7194
source_corpus/original_archives/asfp_type_files.zip,archives/asfp_type_files.zip,1329a3b76d4561c499462e4b708e824297d6fe0bc4f90d9c4157b001d32d8ce9
