caller,callee,callee_id
<event type=2>,N2 Closed,{CD0FA38B-82D4-4C1C-8F66-015E3E8961BF}
<event type=5>,N2 Closed,{CD0FA38B-82D4-4C1C-8F66-015E3E8961BF}
__GPC_InjectPort,__GPC_SetLoad,{766F368D-1AA0-4849-91C9-38EE8C58B42B}
__GPC_InjectPort,__GPC_SetInject,{DE72B435-9F86-44DB-8B7D-73AC69E41C46}
Run MALS,util Get Time Stamp,{9648806D-EF39-459A-B982-7E2D18C96097}
Run GPC Analysis,__GPC_InjectPort,{74A16D54-E959-4E1E-B06C-C893F679C5EC}
Run GPC Analysis,__GPC_WashPortNeedle,{2A12F404-4EF1-4EED-AABD-EFB5DA3B1E99}
Run GPC Analysis,Run HPLC,{AA2DF4A7-59CF-4B66-A38B-B3C906FA8C28}
Run GPC Analysis,Run MALS,{884C7B17-0C79-4921-922F-C39A8536870F}
Run GPC Analysis,Run HPLC,{AA2DF4A7-59CF-4B66-A38B-B3C906FA8C28}
Run GPC Analysis,Run MALS,{884C7B17-0C79-4921-922F-C39A8536870F}
Dilute and Mix,Mix With Needle2,{4C1C2CF5-B095-44FA-BB2A-35FEE1C11396}
__main,Get Aspirate Chunk,{92ED1B26-C340-4595-9E5F-52B7FFAD00D4}
Prepare GPC Sample,Prime All Port E,{4FB3F3B2-C896-4F14-BB2C-7A846E514DDF}
Prepare GPC Sample,Prime 2nd Sringe Port F,{9E0C4A0C-8660-4DFC-B798-00FD254EC2F4}
Sample and Run GPC,Prepare GPC Sample,{6A0760DB-D60E-4D57-AF7E-8F7A8F489A66}
Sample and Run GPC,Mix With Needle2,{4C1C2CF5-B095-44FA-BB2A-35FEE1C11396}
Sample and Run GPC,Run GPC Analysis,{5B8514D7-3FB1-4F0A-84D5-876C338F8605}
__GPC_SolventInject,__GPC_SetLoad,{766F368D-1AA0-4849-91C9-38EE8C58B42B}
__GPC_SolventInject,__GPC_SetInject,{DE72B435-9F86-44DB-8B7D-73AC69E41C46}
Run GPC Analysis XXX,__GPC_InjectPort,{74A16D54-E959-4E1E-B06C-C893F679C5EC}
Run GPC Analysis XXX,Run HPLC,{AA2DF4A7-59CF-4B66-A38B-B3C906FA8C28}
Run GPC Analysis XXX,Run MALS,{884C7B17-0C79-4921-922F-C39A8536870F}
Run GPC Analysis XXX,__GPC_WashPortNeedle,{2A12F404-4EF1-4EED-AABD-EFB5DA3B1E99}
Load Reagent Table,Throw Error,{05B2984D-BC3F-45CB-8A02-D3E5BF5ABC4B}
Load Reagent Table,Throw Error,{05B2984D-BC3F-45CB-8A02-D3E5BF5ABC4B}
Load Reagent Table,Throw Error,{05B2984D-BC3F-45CB-8A02-D3E5BF5ABC4B}
Load Reagent Table,Throw Error,{05B2984D-BC3F-45CB-8A02-D3E5BF5ABC4B}
Load Reagent Table,Throw Error,{05B2984D-BC3F-45CB-8A02-D3E5BF5ABC4B}
Load Reagent,Load Reagent Table,{A1BC9BAA-12CC-45F9-9803-64C9C12D9E48}
Dynamic Transfer Volumectrically,Throw Error,{05B2984D-BC3F-45CB-8A02-D3E5BF5ABC4B}
Dynamic Transfer Volumectrically,Throw Error,{05B2984D-BC3F-45CB-8A02-D3E5BF5ABC4B}
Dynamic Transfer Volumectrically,Throw Error,{05B2984D-BC3F-45CB-8A02-D3E5BF5ABC4B}
Dynamic Transfer Volumectrically,Get Well Zone With Index,{6086071D-452C-4B4F-BDE6-91BBDD62E23A}
Dynamic Transfer Volumectrically,Set ISynth Drawer Valve,{7E76D1F5-D34C-4B6C-ADB1-1B117B2A3E73}
Dynamic Transfer Volumectrically,Syringe Capasity,{7F0E9267-EBD8-48A8-A6BA-ADED13DD2F2A}
Dynamic Transfer Volumectrically,Get Aspirate Chunk,{92ED1B26-C340-4595-9E5F-52B7FFAD00D4}
Dynamic Transfer Volumectrically,Throw Error,{05B2984D-BC3F-45CB-8A02-D3E5BF5ABC4B}
Dynamic Transfer Volumectrically,Aspirate From Source,{718A5C44-CF4E-4560-8548-B2CF885F8DE4}
Dynamic Transfer Volumectrically,Syringe Capasity,{7F0E9267-EBD8-48A8-A6BA-ADED13DD2F2A}
Dynamic Transfer Volumectrically,Get Aspirate Chunk,{92ED1B26-C340-4595-9E5F-52B7FFAD00D4}
Dynamic Transfer Volumectrically,Throw Error,{05B2984D-BC3F-45CB-8A02-D3E5BF5ABC4B}
Dynamic Transfer Volumectrically,Aspirate From Source,{718A5C44-CF4E-4560-8548-B2CF885F8DE4}
Dynamic Transfer Volumectrically,Syringe Capasity,{7F0E9267-EBD8-48A8-A6BA-ADED13DD2F2A}
Dynamic Transfer Volumectrically,Get Aspirate Chunk,{92ED1B26-C340-4595-9E5F-52B7FFAD00D4}
Dynamic Transfer Volumectrically,Throw Error,{05B2984D-BC3F-45CB-8A02-D3E5BF5ABC4B}
Dynamic Transfer Volumectrically,Aspirate From Source,{718A5C44-CF4E-4560-8548-B2CF885F8DE4}
Dynamic Transfer Volumectrically,Syringe Capasity,{7F0E9267-EBD8-48A8-A6BA-ADED13DD2F2A}
Dynamic Transfer Volumectrically,Get Aspirate Chunk,{92ED1B26-C340-4595-9E5F-52B7FFAD00D4}
Dynamic Transfer Volumectrically,Throw Error,{05B2984D-BC3F-45CB-8A02-D3E5BF5ABC4B}
Dynamic Transfer Volumectrically,Aspirate From Source,{718A5C44-CF4E-4560-8548-B2CF885F8DE4}
Dynamic Transfer Volumectrically,Dispense Chunk,{8B7809ED-EF34-400E-A0A9-EFCB54162DA2}
Dynamic Transfer Volumectrically,Dispense Chunk,{8B7809ED-EF34-400E-A0A9-EFCB54162DA2}
Dynamic Transfer Volumectrically,Dispense Chunk,{8B7809ED-EF34-400E-A0A9-EFCB54162DA2}
Dynamic Transfer Volumectrically,Dispense Chunk,{8B7809ED-EF34-400E-A0A9-EFCB54162DA2}
Dynamic Transfer Volumectrically,Set ISynth Drawer Valve,{7E76D1F5-D34C-4B6C-ADB1-1B117B2A3E73}
Get Aspirate Chunk,Throw Error,{05B2984D-BC3F-45CB-8A02-D3E5BF5ABC4B}
Get Aspirate Chunk,Throw Error,{05B2984D-BC3F-45CB-8A02-D3E5BF5ABC4B}
Get Aspirate Chunk,Throw Error,{05B2984D-BC3F-45CB-8A02-D3E5BF5ABC4B}
Get Aspirate Chunk,Throw Error,{05B2984D-BC3F-45CB-8A02-D3E5BF5ABC4B}
Get Aspirate Chunk,Throw Error,{05B2984D-BC3F-45CB-8A02-D3E5BF5ABC4B}
Get Aspirate Chunk,Throw Error,{05B2984D-BC3F-45CB-8A02-D3E5BF5ABC4B}
Get Parent Element Name,Throw Error,{05B2984D-BC3F-45CB-8A02-D3E5BF5ABC4B}
Get Parent Element Name,Throw Error,{05B2984D-BC3F-45CB-8A02-D3E5BF5ABC4B}
Get Single Well ID,Throw Error,{05B2984D-BC3F-45CB-8A02-D3E5BF5ABC4B}
Get Single Well ID,Throw Error,{05B2984D-BC3F-45CB-8A02-D3E5BF5ABC4B}
Get ISynth Drawer Index,Get Parent Element Name,{F7AD817E-D46D-4CD6-89FE-CF0BF115B2C7}
Get ISynth Drawer Index,Throw Error,{05B2984D-BC3F-45CB-8A02-D3E5BF5ABC4B}
Get ISynth Drawer Index,Get Single Well ID,{E86925F4-5792-4F78-91CF-8E2F862D93A9}
Check Well Interlock,Get ISynth Drawer Index,{E4913D91-7862-4BB1-8EA5-0CF2D3828384}
Check Well Interlock,Throw Error,{05B2984D-BC3F-45CB-8A02-D3E5BF5ABC4B}
Aspirate From Source,Throw Error,{05B2984D-BC3F-45CB-8A02-D3E5BF5ABC4B}
Aspirate From Source,_Aspirate,{374DF68E-9169-419F-A6FC-62A318347C5C}
_Aspirate,Throw Error,{05B2984D-BC3F-45CB-8A02-D3E5BF5ABC4B}
_Aspirate,Throw Error,{05B2984D-BC3F-45CB-8A02-D3E5BF5ABC4B}
_Aspirate,Throw Error,{05B2984D-BC3F-45CB-8A02-D3E5BF5ABC4B}
_Dispense,Throw Error,{05B2984D-BC3F-45CB-8A02-D3E5BF5ABC4B}
_Dispense,Throw Error,{05B2984D-BC3F-45CB-8A02-D3E5BF5ABC4B}
_Dispense,Throw Error,{05B2984D-BC3F-45CB-8A02-D3E5BF5ABC4B}
_Dispense,Throw Error,{05B2984D-BC3F-45CB-8A02-D3E5BF5ABC4B}
_Dispense,Check Well Interlock,{FABCE8C0-BC2D-4108-BC1B-5F463ACE0317}
_Dispense,Write Well Log,{F76E9D50-1DDB-46DD-8D0B-EDFD60AA5D17}
_Dispense,Write Well Log,{F76E9D50-1DDB-46DD-8D0B-EDFD60AA5D17}
_Dispense,Write Well Log,{F76E9D50-1DDB-46DD-8D0B-EDFD60AA5D17}
_Dispense,Write Well Log,{F76E9D50-1DDB-46DD-8D0B-EDFD60AA5D17}
Dispense To Destination,Throw Error,{05B2984D-BC3F-45CB-8A02-D3E5BF5ABC4B}
Dispense To Destination,_Dispense,{7D0AD58C-1C98-47C5-AC69-CD9460D372C3}
Set ISynth Drawer Valve,Get Parent Element Name,{F7AD817E-D46D-4CD6-89FE-CF0BF115B2C7}
Set ISynth Drawer Valve,Throw Error,{05B2984D-BC3F-45CB-8A02-D3E5BF5ABC4B}
Set ISynth Drawer Valve,Throw Error,{05B2984D-BC3F-45CB-8A02-D3E5BF5ABC4B}
Set ISynth Drawer Valve,Set ISynth Drawer State,{CE003A2E-D4CA-4676-84F9-B1AB60D482F3}
Dispense Chunk,Throw Error,{05B2984D-BC3F-45CB-8A02-D3E5BF5ABC4B}
Dispense Chunk,Throw Error,{05B2984D-BC3F-45CB-8A02-D3E5BF5ABC4B}
Dispense Chunk,Throw Error,{05B2984D-BC3F-45CB-8A02-D3E5BF5ABC4B}
Dispense Chunk,Get Well Zone With Index,{6086071D-452C-4B4F-BDE6-91BBDD62E23A}
Dispense Chunk,Throw Error,{05B2984D-BC3F-45CB-8A02-D3E5BF5ABC4B}
Dispense Chunk,Dispense To Destination,{2C04EDD2-CFF7-4636-88DB-240DA51711A2}
Dispense Chunk,Dispense To Destination,{2C04EDD2-CFF7-4636-88DB-240DA51711A2}
Dispense Chunk,Dispense To Destination,{2C04EDD2-CFF7-4636-88DB-240DA51711A2}
Dispense Chunk,Dispense To Destination,{2C04EDD2-CFF7-4636-88DB-240DA51711A2}
Get Well Zone With Index,Throw Error,{05B2984D-BC3F-45CB-8A02-D3E5BF5ABC4B}
Set ISynth Drawer State,Get ISynth Drawer Index,{E4913D91-7862-4BB1-8EA5-0CF2D3828384}
Export Wells Log,util Get Time Stamp,{9648806D-EF39-459A-B982-7E2D18C96097}
Zone Resolv,Throw Error,{05B2984D-BC3F-45CB-8A02-D3E5BF5ABC4B}
Syringe Capasity,Throw Error,{05B2984D-BC3F-45CB-8A02-D3E5BF5ABC4B}
<MAIN>,util Make Csv,{08CCCC89-D643-4945-BE27-7622B8DEFC9A}
<MAIN>,Import Csv Header,{94FAEA9A-9C58-449F-BFFD-A51CCCB204C0}
<MAIN>,Import Csv Header,{94FAEA9A-9C58-449F-BFFD-A51CCCB204C0}
<MAIN>,__GPC_SetLoad,{766F368D-1AA0-4849-91C9-38EE8C58B42B}
<MAIN>,__GPC_SetLoad,{766F368D-1AA0-4849-91C9-38EE8C58B42B}
<MAIN>,__GPC_SetInject,{DE72B435-9F86-44DB-8B7D-73AC69E41C46}
<MAIN>,Run GPC Analysis XXX,{6CDE63C2-F985-493C-9448-82EA027CA5CF}
<MAIN>,N2 Control,{001DCE1D-8E2A-410A-B5E2-72081E9EE4C3}
<MAIN>,Test Reactor Valve,{1B04DCA2-4E5A-4BBE-AC27-3B11B1A9FC2B}
<MAIN>,Purge Reactor,{3A15909C-84AF-4391-88AF-1C319503601A}
<MAIN>,Load Reagent Table,{A1BC9BAA-12CC-45F9-9803-64C9C12D9E48}
<MAIN>,Non Zero Array Min,{169BD6D7-FB46-4CA1-9529-18EE451134F5}
<MAIN>,Dynamic Transfer Volumectrically,{B3019C3B-CE4E-4BA9-904C-75694AEE3701}
<MAIN>,Dynamic Transfer Volumectrically,{B3019C3B-CE4E-4BA9-904C-75694AEE3701}
<MAIN>,Export Wells Log,{C97B9934-BD87-4111-AA18-BC983E583B19}
<MAIN>,Label sample ID,{D5036F17-9117-4B7C-A0E5-3EBD655A93C8}
<MAIN>,Sample and Run GPC,{DE6D061F-54C0-46C9-920E-17C2CBB56BA4}
<MAIN>,Sample and Run GPC,{DE6D061F-54C0-46C9-920E-17C2CBB56BA4}
<MAIN>,Sample and Run GPC,{DE6D061F-54C0-46C9-920E-17C2CBB56BA4}
<MAIN>,Sample and Run GPC,{DE6D061F-54C0-46C9-920E-17C2CBB56BA4}
<MAIN>,Validate Polymerization Zone,{AF5AF007-3093-453F-8168-6A3AD46079DE}
<MAIN>,N2 Control,{001DCE1D-8E2A-410A-B5E2-72081E9EE4C3}
<MAIN>,Test Reactor Valve,{1B04DCA2-4E5A-4BBE-AC27-3B11B1A9FC2B}
<MAIN>,Purge Reactor,{3A15909C-84AF-4391-88AF-1C319503601A}
<MAIN>,Sample and Run GPC,{DE6D061F-54C0-46C9-920E-17C2CBB56BA4}
<MAIN>,Sample and Run GPC,{DE6D061F-54C0-46C9-920E-17C2CBB56BA4}
<MAIN>,Sample and Run GPC,{DE6D061F-54C0-46C9-920E-17C2CBB56BA4}
<MAIN>,Sample and Run GPC,{DE6D061F-54C0-46C9-920E-17C2CBB56BA4}
