path,sha256,reference_app,reference_app_sha256,app_xpath,function_id,name,typeid,eventtype,xml_tree_match
extracted/latest_app/functions/00_Prime All Port E.asfp,d767d062bc83e681a90af519c69efb87dd84af3e9f35342d13e47819566671a8,app/config20260909_polymerization.app,757854f4fc7c33ce8c14b02003a97d78263c34e8c5154638bd1a0d8e3b1bbcf5,/application/functions/functions/function[1],{4FB3F3B2-C896-4F14-BB2C-7A846E514DDF},Prime All Port E,Chemspeed.SATaskFunctionDefinition.1,,true
extracted/latest_app/functions/01_util Make Csv.asfp,e60ce8b17359ec4e3aca1a1faddbd19c7a642cb07f269efccf5da96848148695,app/config20260909_polymerization.app,757854f4fc7c33ce8c14b02003a97d78263c34e8c5154638bd1a0d8e3b1bbcf5,/application/functions/functions/function[2],{08CCCC89-D643-4945-BE27-7622B8DEFC9A},util Make Csv,Chemspeed.SATaskFunctionDefinition.1,,true
extracted/latest_app/functions/02___GPC_SetLoad.asfp,64a7df45475e3e0a875d5877e3bbddcb73c3ae0f4626a956a1bb00a593eae251,app/config20260909_polymerization.app,757854f4fc7c33ce8c14b02003a97d78263c34e8c5154638bd1a0d8e3b1bbcf5,/application/functions/functions/function[3],{766F368D-1AA0-4849-91C9-38EE8C58B42B},__GPC_SetLoad,Chemspeed.SATaskFunctionDefinition.1,,true
extracted/latest_app/functions/03___GPC_SetInject.asfp,414e6345e9af941c040a6c133d319f9029222eb1a6545538e95ef7fb179d2cb7,app/config20260909_polymerization.app,757854f4fc7c33ce8c14b02003a97d78263c34e8c5154638bd1a0d8e3b1bbcf5,/application/functions/functions/function[4],{DE72B435-9F86-44DB-8B7D-73AC69E41C46},__GPC_SetInject,Chemspeed.SATaskFunctionDefinition.1,,true
extracted/latest_app/functions/04_N2 Open.asfp,8c2f746b54178e0b2a02cac6c36574c25e0d1f5d05a7f27b11eca6518c7e9e90,app/config20260909_polymerization.app,757854f4fc7c33ce8c14b02003a97d78263c34e8c5154638bd1a0d8e3b1bbcf5,/application/functions/functions/function[5],{FA7FAD29-AC99-4587-91E1-FB12500B209E},N2 Open,Chemspeed.SATaskFunctionDefinition.1,,true
extracted/latest_app/functions/05_N2 Closed.asfp,b030fdd1d7c5e6c00ba90420e103763b9f8f3e3f994f6ab20d87e4ac65716e3c,app/config20260909_polymerization.app,757854f4fc7c33ce8c14b02003a97d78263c34e8c5154638bd1a0d8e3b1bbcf5,/application/functions/functions/function[6],{CD0FA38B-82D4-4C1C-8F66-015E3E8961BF},N2 Closed,Chemspeed.SATaskFunctionDefinition.1,,true
extracted/latest_app/functions/06_N2 Control.asfp,afa4e3b7782a43867e5343d4f4cb591243e83a13b06f87e3063454cf6d4f326e,app/config20260909_polymerization.app,757854f4fc7c33ce8c14b02003a97d78263c34e8c5154638bd1a0d8e3b1bbcf5,/application/functions/functions/function[7],{001DCE1D-8E2A-410A-B5E2-72081E9EE4C3},N2 Control,Chemspeed.SATaskFunctionDefinition.1,,true
extracted/latest_app/functions/07_EVENT_type_2_7.asfp,c2d223d3d10a2d5793bee8e6126501a05c73d0815b3cbf7797ec7a8bd67a38bc,app/config20260909_polymerization.app,757854f4fc7c33ce8c14b02003a97d78263c34e8c5154638bd1a0d8e3b1bbcf5,/application/functions/functions/function[8],{5D569849-4E6F-4B11-88C2-B0AE7D8EAD63},EVENT_type_2_7,Chemspeed.SATaskEventFunction.1,2,true
extracted/latest_app/functions/08_EVENT_type_5_8.asfp,af7a692abde1d972fa6fc12fe8dca50a343b01f7b76d41b8223feee5d7cdec8a,app/config20260909_polymerization.app,757854f4fc7c33ce8c14b02003a97d78263c34e8c5154638bd1a0d8e3b1bbcf5,/application/functions/functions/function[9],{32BB977D-8E8A-4E7B-9C8B-13B8F9178EFA},EVENT_type_5_8,Chemspeed.SATaskEventFunction.1,5,true
extracted/latest_app/functions/09___GPC_InjectPort.asfp,c8389c541b97bbfd00600cb4e8ee9dcca86d1b8398bf5be91a405a300948c02d,app/config20260909_polymerization.app,757854f4fc7c33ce8c14b02003a97d78263c34e8c5154638bd1a0d8e3b1bbcf5,/application/functions/functions/function[10],{74A16D54-E959-4E1E-B06C-C893F679C5EC},__GPC_InjectPort,Chemspeed.SATaskFunctionDefinition.1,,true
extracted/latest_app/functions/10___GPC_WashPortNeedle.asfp,1dda47ac6ad6976df7dac8965b7ca286f665822a36032ac9bb67f4eaa6648643,app/config20260909_polymerization.app,757854f4fc7c33ce8c14b02003a97d78263c34e8c5154638bd1a0d8e3b1bbcf5,/application/functions/functions/function[11],{2A12F404-4EF1-4EED-AABD-EFB5DA3B1E99},__GPC_WashPortNeedle,Chemspeed.SATaskFunctionDefinition.1,,true
extracted/latest_app/functions/11_Run MALS.asfp,32d7a3dfe86e7552bd3b0db1efb0e3cfb123f62329f205a13a247cb589b7879a,app/config20260909_polymerization.app,757854f4fc7c33ce8c14b02003a97d78263c34e8c5154638bd1a0d8e3b1bbcf5,/application/functions/functions/function[12],{884C7B17-0C79-4921-922F-C39A8536870F},Run MALS,Chemspeed.SATaskFunctionDefinition.1,,true
extracted/latest_app/functions/12_Prime 2nd Sringe Port F.asfp,f30aa56026bcef5a984b9a0a91c173a82efd77eba60f4bb811b5875a856f52f2,app/config20260909_polymerization.app,757854f4fc7c33ce8c14b02003a97d78263c34e8c5154638bd1a0d8e3b1bbcf5,/application/functions/functions/function[13],{9E0C4A0C-8660-4DFC-B798-00FD254EC2F4},Prime 2nd Sringe Port F,Chemspeed.SATaskFunctionDefinition.1,,true
extracted/latest_app/functions/13_Run GPC Analysis.asfp,d451957f6aaae21f87d8a92b7853d9e015d3edb334d6673de058cba58622c417,app/config20260909_polymerization.app,757854f4fc7c33ce8c14b02003a97d78263c34e8c5154638bd1a0d8e3b1bbcf5,/application/functions/functions/function[14],{5B8514D7-3FB1-4F0A-84D5-876C338F8605},Run GPC Analysis,Chemspeed.SATaskFunctionDefinition.1,,true
extracted/latest_app/functions/14_Run HPLC.asfp,a4ee686ef684b4d76c6e38ded3b23b2ff620fbfdf4c1b9bc59f0d4d0b7221c6b,app/config20260909_polymerization.app,757854f4fc7c33ce8c14b02003a97d78263c34e8c5154638bd1a0d8e3b1bbcf5,/application/functions/functions/function[15],{AA2DF4A7-59CF-4B66-A38B-B3C906FA8C28},Run HPLC,Chemspeed.SATaskFunctionDefinition.1,,true
extracted/latest_app/functions/15_util Get Time Stamp.asfp,ba301b2554bf3ac169e099d018ca3716d0c0d2d8b6ea56589670d3f6264de8c8,app/config20260909_polymerization.app,757854f4fc7c33ce8c14b02003a97d78263c34e8c5154638bd1a0d8e3b1bbcf5,/application/functions/functions/function[16],{9648806D-EF39-459A-B982-7E2D18C96097},util Get Time Stamp,Chemspeed.SATaskFunctionDefinition.1,,true
extracted/latest_app/functions/16_Mix With Needle2.asfp,463a4b71d4e5f5edf590d2e75888e385bd7448bce7d373444cb64b0fb32f1b5e,app/config20260909_polymerization.app,757854f4fc7c33ce8c14b02003a97d78263c34e8c5154638bd1a0d8e3b1bbcf5,/application/functions/functions/function[17],{4C1C2CF5-B095-44FA-BB2A-35FEE1C11396},Mix With Needle2,Chemspeed.SATaskFunctionDefinition.1,,true
extracted/latest_app/functions/17_Dilute and Mix.asfp,652ab1f66b10d52ed5347c25a12707ef8feddf5e0be5f7564b058a0c062a4f6f,app/config20260909_polymerization.app,757854f4fc7c33ce8c14b02003a97d78263c34e8c5154638bd1a0d8e3b1bbcf5,/application/functions/functions/function[18],{B76B23F3-951F-4764-970D-5A60DCAA2A52},Dilute and Mix,Chemspeed.SATaskFunctionDefinition.1,,true
extracted/latest_app/functions/18_Priming 1st 2nd Syringe.asfp,c55a4cdb7d0b56291fd04fe45e93fc4eefa5643f3578671b461a554d505caf0b,app/config20260909_polymerization.app,757854f4fc7c33ce8c14b02003a97d78263c34e8c5154638bd1a0d8e3b1bbcf5,/application/functions/functions/function[19],{A70085A1-71A1-498F-96F1-76AEB259D013},Priming 1st 2nd Syringe,Chemspeed.SATaskFunctionDefinition.1,,true
extracted/latest_app/functions/19_Purge Reactor.asfp,875cc3d6ec08d6f508b20848b442c060224cbafe6017428be04beb76bf5a2e0c,app/config20260909_polymerization.app,757854f4fc7c33ce8c14b02003a97d78263c34e8c5154638bd1a0d8e3b1bbcf5,/application/functions/functions/function[20],{3A15909C-84AF-4391-88AF-1C319503601A},Purge Reactor,Chemspeed.SATaskFunctionDefinition.1,,true
extracted/latest_app/functions/20_Test Reactor Valve.asfp,49ed80205a0bdbc8d9484e09c437419f6d89291a3ee977e10aa82980f39ff176,app/config20260909_polymerization.app,757854f4fc7c33ce8c14b02003a97d78263c34e8c5154638bd1a0d8e3b1bbcf5,/application/functions/functions/function[21],{1B04DCA2-4E5A-4BBE-AC27-3B11B1A9FC2B},Test Reactor Valve,Chemspeed.SATaskFunctionDefinition.1,,true
extracted/latest_app/functions/21_Validate Polymerization Zone.asfp,9a0454308e92b3f70beeb621a499c075ba3ffc764c3d5603e3ec7843dece5eca,app/config20260909_polymerization.app,757854f4fc7c33ce8c14b02003a97d78263c34e8c5154638bd1a0d8e3b1bbcf5,/application/functions/functions/function[22],{AF5AF007-3093-453F-8168-6A3AD46079DE},Validate Polymerization Zone,Chemspeed.SATaskFunctionDefinition.1,,true
extracted/latest_app/functions/22___main.asfp,992c14c859291bb6261a0ec865a1a15dd3f1634713dc0565da0dd74af21e256d,app/config20260909_polymerization.app,757854f4fc7c33ce8c14b02003a97d78263c34e8c5154638bd1a0d8e3b1bbcf5,/application/functions/functions/function[23],{E3E00281-F34D-43AF-92BE-D837004E0033},__main,Chemspeed.SATaskFunctionDefinition.1,,true
extracted/latest_app/functions/23_Prepare GPC Sample.asfp,728ebf66023fc1b19e3b62ce72b7c9d391e1ca16de54431f5002c2cc36333530,app/config20260909_polymerization.app,757854f4fc7c33ce8c14b02003a97d78263c34e8c5154638bd1a0d8e3b1bbcf5,/application/functions/functions/function[24],{6A0760DB-D60E-4D57-AF7E-8F7A8F489A66},Prepare GPC Sample,Chemspeed.SATaskFunctionDefinition.1,,true
extracted/latest_app/functions/24_Sample and Run GPC.asfp,a4117326700e4cd020571cebbc6d07126003f9a7f874e0c636f6c84c74fe9fa5,app/config20260909_polymerization.app,757854f4fc7c33ce8c14b02003a97d78263c34e8c5154638bd1a0d8e3b1bbcf5,/application/functions/functions/function[25],{DE6D061F-54C0-46C9-920E-17C2CBB56BA4},Sample and Run GPC,Chemspeed.SATaskFunctionDefinition.1,,true
extracted/latest_app/functions/25_Import Csv Header.asfp,d5ce1a85dd82a5f3ca7518d69aa0cc38b6d07a9a990f3d48f23f1a627768111f,app/config20260909_polymerization.app,757854f4fc7c33ce8c14b02003a97d78263c34e8c5154638bd1a0d8e3b1bbcf5,/application/functions/functions/function[26],{94FAEA9A-9C58-449F-BFFD-A51CCCB204C0},Import Csv Header,Chemspeed.SATaskFunctionDefinition.1,,true
extracted/latest_app/functions/26___GPC_SolventInject.asfp,58a4391e1ba4cb842476c64cec305ec2d0185f23104bc8e3525467951a04c17a,app/config20260909_polymerization.app,757854f4fc7c33ce8c14b02003a97d78263c34e8c5154638bd1a0d8e3b1bbcf5,/application/functions/functions/function[27],{3BD18F76-7DF9-4FE3-A1F3-2F68A54EE082},__GPC_SolventInject,Chemspeed.SATaskFunctionDefinition.1,,true
extracted/latest_app/functions/27_Run GPC Analysis XXX.asfp,0e8e08fce5575e2e93bcb2f6fdf787056f360b631e7a720de45ff082efbb8558,app/config20260909_polymerization.app,757854f4fc7c33ce8c14b02003a97d78263c34e8c5154638bd1a0d8e3b1bbcf5,/application/functions/functions/function[28],{6CDE63C2-F985-493C-9448-82EA027CA5CF},Run GPC Analysis XXX,Chemspeed.SATaskFunctionDefinition.1,,true
extracted/latest_app/functions/28_Load Reagent Table.asfp,214df8b34337eb65d1003e4701a44219e516e20324cbe2321260b72ea20dd242,app/config20260909_polymerization.app,757854f4fc7c33ce8c14b02003a97d78263c34e8c5154638bd1a0d8e3b1bbcf5,/application/functions/functions/function[29],{A1BC9BAA-12CC-45F9-9803-64C9C12D9E48},Load Reagent Table,Chemspeed.SATaskFunctionDefinition.1,,true
extracted/latest_app/functions/29_Load Reagent.asfp,9a442e18704869952b7c191b937576ec67acad2fc47ff64bee2d20d35b7f653c,app/config20260909_polymerization.app,757854f4fc7c33ce8c14b02003a97d78263c34e8c5154638bd1a0d8e3b1bbcf5,/application/functions/functions/function[30],{F138C597-BFBF-458B-ADF0-309FE6509480},Load Reagent,Chemspeed.SATaskFunctionDefinition.1,,true
extracted/latest_app/functions/30_Dynamic Transfer Volumectrically.asfp,f7c4785226c1657f0b16732e59b3e46a9fff54f098c157418d164ee427ff17cb,app/config20260909_polymerization.app,757854f4fc7c33ce8c14b02003a97d78263c34e8c5154638bd1a0d8e3b1bbcf5,/application/functions/functions/function[31],{B3019C3B-CE4E-4BA9-904C-75694AEE3701},Dynamic Transfer Volumectrically,Chemspeed.SATaskFunctionDefinition.1,,true
extracted/latest_app/functions/31_Get Aspirate Chunk.asfp,99aee3ee61993520e309726b691bc4044f21531043477dbda4b1968e3d4ee72f,app/config20260909_polymerization.app,757854f4fc7c33ce8c14b02003a97d78263c34e8c5154638bd1a0d8e3b1bbcf5,/application/functions/functions/function[32],{92ED1B26-C340-4595-9E5F-52B7FFAD00D4},Get Aspirate Chunk,Chemspeed.SATaskFunctionDefinition.1,,true
extracted/latest_app/functions/32_Throw Error.asfp,0bd4ec983f1d0960014bdab7c2d2b080d7541cb70d7cc357480d51fbbcb582a3,app/config20260909_polymerization.app,757854f4fc7c33ce8c14b02003a97d78263c34e8c5154638bd1a0d8e3b1bbcf5,/application/functions/functions/function[33],{05B2984D-BC3F-45CB-8A02-D3E5BF5ABC4B},Throw Error,Chemspeed.SATaskFunctionDefinition.1,,true
extracted/latest_app/functions/33_Get Parent Element Name.asfp,51949080e0a43c1c5379cc81c6d46631ceecae7b38bceddc3e94f338078bebff,app/config20260909_polymerization.app,757854f4fc7c33ce8c14b02003a97d78263c34e8c5154638bd1a0d8e3b1bbcf5,/application/functions/functions/function[34],{F7AD817E-D46D-4CD6-89FE-CF0BF115B2C7},Get Parent Element Name,Chemspeed.SATaskFunctionDefinition.1,,true
extracted/latest_app/functions/34_Get Single Well ID.asfp,72712a9ded2893cad44575aba6886e4c216fe1c8dc1452432299261884ba7a65,app/config20260909_polymerization.app,757854f4fc7c33ce8c14b02003a97d78263c34e8c5154638bd1a0d8e3b1bbcf5,/application/functions/functions/function[35],{E86925F4-5792-4F78-91CF-8E2F862D93A9},Get Single Well ID,Chemspeed.SATaskFunctionDefinition.1,,true
extracted/latest_app/functions/35_Get ISynth Drawer Index.asfp,8de5f3318538ba1cede78abe92766792dce197c87728ff13041570153491575d,app/config20260909_polymerization.app,757854f4fc7c33ce8c14b02003a97d78263c34e8c5154638bd1a0d8e3b1bbcf5,/application/functions/functions/function[36],{E4913D91-7862-4BB1-8EA5-0CF2D3828384},Get ISynth Drawer Index,Chemspeed.SATaskFunctionDefinition.1,,true
extracted/latest_app/functions/36_Check Well Interlock.asfp,43a80bd62397899be7c1b29f285fd503a945b37d816b4ab23899a020c6ff53f6,app/config20260909_polymerization.app,757854f4fc7c33ce8c14b02003a97d78263c34e8c5154638bd1a0d8e3b1bbcf5,/application/functions/functions/function[37],{FABCE8C0-BC2D-4108-BC1B-5F463ACE0317},Check Well Interlock,Chemspeed.SATaskFunctionDefinition.1,,true
extracted/latest_app/functions/37_Aspirate From Source.asfp,cbd0dc84efb621161c25034a211325cb79e3da5398e9368857ab43b7629aac2a,app/config20260909_polymerization.app,757854f4fc7c33ce8c14b02003a97d78263c34e8c5154638bd1a0d8e3b1bbcf5,/application/functions/functions/function[38],{718A5C44-CF4E-4560-8548-B2CF885F8DE4},Aspirate From Source,Chemspeed.SATaskFunctionDefinition.1,,true
extracted/latest_app/functions/38__Aspirate.asfp,eeca1f1d4aebc906dcdba1ecffbb55638a5e13e8ddce9a35bfa269e785674179,app/config20260909_polymerization.app,757854f4fc7c33ce8c14b02003a97d78263c34e8c5154638bd1a0d8e3b1bbcf5,/application/functions/functions/function[39],{374DF68E-9169-419F-A6FC-62A318347C5C},_Aspirate,Chemspeed.SATaskFunctionDefinition.1,,true
extracted/latest_app/functions/39__Dispense.asfp,4de9f54fa0b4bdb3ad13e677373af3be8e6b926304a7806a2a23ac13411cb25f,app/config20260909_polymerization.app,757854f4fc7c33ce8c14b02003a97d78263c34e8c5154638bd1a0d8e3b1bbcf5,/application/functions/functions/function[40],{7D0AD58C-1C98-47C5-AC69-CD9460D372C3},_Dispense,Chemspeed.SATaskFunctionDefinition.1,,true
extracted/latest_app/functions/40_Dispense To Destination.asfp,17cad54c8c3c88c111bb835852b48133e762e719f75e61207adff542563158bf,app/config20260909_polymerization.app,757854f4fc7c33ce8c14b02003a97d78263c34e8c5154638bd1a0d8e3b1bbcf5,/application/functions/functions/function[41],{2C04EDD2-CFF7-4636-88DB-240DA51711A2},Dispense To Destination,Chemspeed.SATaskFunctionDefinition.1,,true
extracted/latest_app/functions/41_Set ISynth Drawer Valve.asfp,cb5a8053a9821036243b4184836b4024b82879f508047151ac37b79e7a4b067c,app/config20260909_polymerization.app,757854f4fc7c33ce8c14b02003a97d78263c34e8c5154638bd1a0d8e3b1bbcf5,/application/functions/functions/function[42],{7E76D1F5-D34C-4B6C-ADB1-1B117B2A3E73},Set ISynth Drawer Valve,Chemspeed.SATaskFunctionDefinition.1,,true
extracted/latest_app/functions/42_Dispense Chunk.asfp,5a64fb60d621ac471d97d48e880f8918ebfa69dd6ce8f996d30e20c8577171ad,app/config20260909_polymerization.app,757854f4fc7c33ce8c14b02003a97d78263c34e8c5154638bd1a0d8e3b1bbcf5,/application/functions/functions/function[43],{8B7809ED-EF34-400E-A0A9-EFCB54162DA2},Dispense Chunk,Chemspeed.SATaskFunctionDefinition.1,,true
extracted/latest_app/functions/43_Get Well Zone With Index.asfp,91b32ed868856a03b0c806e23d989b86042c53b4dc3aecef91e410049e1b1e4a,app/config20260909_polymerization.app,757854f4fc7c33ce8c14b02003a97d78263c34e8c5154638bd1a0d8e3b1bbcf5,/application/functions/functions/function[44],{6086071D-452C-4B4F-BDE6-91BBDD62E23A},Get Well Zone With Index,Chemspeed.SATaskFunctionDefinition.1,,true
extracted/latest_app/functions/44_Set ISynth Drawer State.asfp,870bcce8ad40f8230a4f4d2a58ce3782170f13e5bf730240236d0a1b0fbbb7f7,app/config20260909_polymerization.app,757854f4fc7c33ce8c14b02003a97d78263c34e8c5154638bd1a0d8e3b1bbcf5,/application/functions/functions/function[45],{CE003A2E-D4CA-4676-84F9-B1AB60D482F3},Set ISynth Drawer State,Chemspeed.SATaskFunctionDefinition.1,,true
extracted/latest_app/functions/45_Write Well Log.asfp,cde64dc1c9a89fadbb8f5d3e886640ab3cae58aa7ec90dadc7eca732859833ec,app/config20260909_polymerization.app,757854f4fc7c33ce8c14b02003a97d78263c34e8c5154638bd1a0d8e3b1bbcf5,/application/functions/functions/function[46],{F76E9D50-1DDB-46DD-8D0B-EDFD60AA5D17},Write Well Log,Chemspeed.SATaskFunctionDefinition.1,,true
extracted/latest_app/functions/46_Export Wells Log.asfp,2bf6beeab152bf3f1abe6734796b797c97d6ba7006be2e12cce6f757922eb9a4,app/config20260909_polymerization.app,757854f4fc7c33ce8c14b02003a97d78263c34e8c5154638bd1a0d8e3b1bbcf5,/application/functions/functions/function[47],{C97B9934-BD87-4111-AA18-BC983E583B19},Export Wells Log,Chemspeed.SATaskFunctionDefinition.1,,true
extracted/latest_app/functions/47_Report Error.asfp,0695eaa23c7bf3c70e696112edb00913bc9bc104890911e933950f5759cc2776,app/config20260909_polymerization.app,757854f4fc7c33ce8c14b02003a97d78263c34e8c5154638bd1a0d8e3b1bbcf5,/application/functions/functions/function[48],{0B90EA8D-F12D-4911-B6C3-6B62E91BAC9B},Report Error,Chemspeed.SATaskFunctionDefinition.1,,true
extracted/latest_app/functions/48_Zone Resolv.asfp,a5c9e29757605dc354631bfe188a334ce7d9a35428010ca159cd7e93bf9fab1c,app/config20260909_polymerization.app,757854f4fc7c33ce8c14b02003a97d78263c34e8c5154638bd1a0d8e3b1bbcf5,/application/functions/functions/function[49],{1769AFEC-A51E-4024-BEE9-FEFB4E863C4D},Zone Resolv,Chemspeed.SATaskFunctionDefinition.1,,true
extracted/latest_app/functions/49_Syringe Capasity.asfp,948b077fa644dda128c4870fd110a1843ff5f72f3fe058e99978385a9031b0c9,app/config20260909_polymerization.app,757854f4fc7c33ce8c14b02003a97d78263c34e8c5154638bd1a0d8e3b1bbcf5,/application/functions/functions/function[50],{7F0E9267-EBD8-48A8-A6BA-ADED13DD2F2A},Syringe Capasity,Chemspeed.SATaskFunctionDefinition.1,,true
extracted/latest_app/functions/50_Label sample ID.asfp,f51721452108e40af57a28609bc176471f65554654bcb32f9b67f76dc6d2ca2e,app/config20260909_polymerization.app,757854f4fc7c33ce8c14b02003a97d78263c34e8c5154638bd1a0d8e3b1bbcf5,/application/functions/functions/function[51],{D5036F17-9117-4B7C-A0E5-3EBD655A93C8},Label sample ID,Chemspeed.SATaskFunctionDefinition.1,,true
extracted/latest_app/functions/51_Non Zero Array Min.asfp,91e8e0451e1e39c455bade5c972bbff9ede179fd39e93b7690eae63e66442403,app/config20260909_polymerization.app,757854f4fc7c33ce8c14b02003a97d78263c34e8c5154638bd1a0d8e3b1bbcf5,/application/functions/functions/function[52],{169BD6D7-FB46-4CA1-9529-18EE451134F5},Non Zero Array Min,Chemspeed.SATaskFunctionDefinition.1,,true
