name,id,wells,attributes
Verification Zone for GDU,{C94B5202-FCDA-4BD9-8501-1A20425C9124},1,"{""typeid"": ""Chemspeed.SAZone.1"", ""virtualVial"": ""0"", ""readOnly"": ""0"", ""enumerationScheme"": ""1"", ""elementEnumerationScheme"": ""1"", ""enumerationType"": ""0"", ""isvisible"": ""-1""}"
Heater Shaker 23,{1D270F97-3A59-4EBC-9573-7164AB5D9028},1,"{""typeid"": ""Chemspeed.SAZone.1"", ""virtualVial"": ""0"", ""readOnly"": ""0"", ""enumerationScheme"": ""1"", ""elementEnumerationScheme"": ""1"", ""enumerationType"": ""0"", ""isvisible"": ""-1""}"
Heater Shaker 22,{315514D2-390B-4DE9-B675-F3F1F35B0E78},1,"{""typeid"": ""Chemspeed.SAZone.1"", ""virtualVial"": ""0"", ""readOnly"": ""0"", ""enumerationScheme"": ""1"", ""elementEnumerationScheme"": ""1"", ""enumerationType"": ""0"", ""isvisible"": ""-1""}"
Heater Shaker 24,{24D98F57-0A75-4BF6-9C39-6346E50BD0F3},1,"{""typeid"": ""Chemspeed.SAZone.1"", ""virtualVial"": ""0"", ""readOnly"": ""0"", ""enumerationScheme"": ""1"", ""elementEnumerationScheme"": ""1"", ""enumerationType"": ""0"", ""isvisible"": ""-1""}"
Injection valve 1 Load,{23E273D5-F14C-4490-94E9-EF443D1E6413},1,"{""typeid"": ""Chemspeed.SAZone.1"", ""virtualVial"": ""0"", ""readOnly"": ""-1"", ""enumerationScheme"": ""1"", ""elementEnumerationScheme"": ""1"", ""enumerationType"": ""0"", ""isvisible"": ""-1""}"
Injection valve 1 Inject,{F24CDE6A-2CD0-4937-BA1C-A3BFC34789E2},1,"{""typeid"": ""Chemspeed.SAZone.1"", ""virtualVial"": ""0"", ""readOnly"": ""-1"", ""enumerationScheme"": ""1"", ""elementEnumerationScheme"": ""1"", ""enumerationType"": ""0"", ""isvisible"": ""-1""}"
Injection valve 3 Load,{AD1DBFA9-F403-4DE2-B2E5-2A355F072363},1,"{""typeid"": ""Chemspeed.SAZone.1"", ""virtualVial"": ""0"", ""readOnly"": ""-1"", ""enumerationScheme"": ""1"", ""elementEnumerationScheme"": ""1"", ""enumerationType"": ""0"", ""isvisible"": ""-1""}"
Injection valve 3 Inject,{22926C2E-E5B6-4A98-991F-F53DD547A944},1,"{""typeid"": ""Chemspeed.SAZone.1"", ""virtualVial"": ""0"", ""readOnly"": ""-1"", ""enumerationScheme"": ""1"", ""elementEnumerationScheme"": ""1"", ""enumerationType"": ""0"", ""isvisible"": ""-1""}"
Injection valve 4 Load,{4631329D-1121-4E0A-BA1A-902282289CF8},1,"{""typeid"": ""Chemspeed.SAZone.1"", ""virtualVial"": ""0"", ""readOnly"": ""-1"", ""enumerationScheme"": ""1"", ""elementEnumerationScheme"": ""1"", ""enumerationType"": ""0"", ""isvisible"": ""-1""}"
Injection valve 4 Inject,{71299573-5DE1-4F01-B53C-F43DB7B8AF17},1,"{""typeid"": ""Chemspeed.SAZone.1"", ""virtualVial"": ""0"", ""readOnly"": ""-1"", ""enumerationScheme"": ""1"", ""elementEnumerationScheme"": ""1"", ""enumerationType"": ""0"", ""isvisible"": ""-1""}"
Heater Shaker 25,{BC25573D-0E5C-4693-A383-813FB1EFCE2A},1,"{""typeid"": ""Chemspeed.SAZone.1"", ""virtualVial"": ""0"", ""readOnly"": ""0"", ""enumerationScheme"": ""1"", ""elementEnumerationScheme"": ""1"", ""enumerationType"": ""0"", ""isvisible"": ""-1""}"
Heater Shaker 21,{FEE8BE33-ECC2-497D-9E1F-E95D449E0989},1,"{""typeid"": ""Chemspeed.SAZone.1"", ""virtualVial"": ""0"", ""readOnly"": ""0"", ""enumerationScheme"": ""1"", ""elementEnumerationScheme"": ""1"", ""enumerationType"": ""0"", ""isvisible"": ""-1""}"
valve ports E,{3B4893DB-E2C1-4C67-9573-63BDB4254EFD},4,"{""typeid"": ""Chemspeed.SAZone.1"", ""virtualVial"": ""0"", ""readOnly"": ""-1"", ""enumerationScheme"": ""0"", ""elementEnumerationScheme"": ""0"", ""enumerationType"": ""0"", ""isvisible"": ""-1""}"
Wash1 Outside,{65698075-4230-4432-8C44-DFA33EF0F568},4,"{""typeid"": ""Chemspeed.SAZone.1"", ""virtualVial"": ""0"", ""readOnly"": ""-1"", ""enumerationScheme"": ""0"", ""elementEnumerationScheme"": ""0"", ""enumerationType"": ""0"", ""isvisible"": ""0""}"
Waste 1,{E554D5CF-A3AA-4500-8C2A-DBEA3C503DA1},4,"{""typeid"": ""Chemspeed.SAZone.1"", ""virtualVial"": ""0"", ""readOnly"": ""-1"", ""enumerationScheme"": ""0"", ""elementEnumerationScheme"": ""0"", ""enumerationType"": ""0"", ""isvisible"": ""-1""}"
Wash2 Outside,{06A9017A-607E-442C-9367-8F13D4FA325E},4,"{""typeid"": ""Chemspeed.SAZone.1"", ""virtualVial"": ""0"", ""readOnly"": ""-1"", ""enumerationScheme"": ""0"", ""elementEnumerationScheme"": ""0"", ""enumerationType"": ""0"", ""isvisible"": ""0""}"
Waste 2,{8CEC3E82-C80D-43CB-97DD-78DC204BEACE},4,"{""typeid"": ""Chemspeed.SAZone.1"", ""virtualVial"": ""0"", ""readOnly"": ""-1"", ""enumerationScheme"": ""0"", ""elementEnumerationScheme"": ""0"", ""enumerationType"": ""0"", ""isvisible"": ""-1""}"
Waste 1 #1,{F847E3FC-C289-4A55-AC3A-D7C4E12DA81E},1,"{""typeid"": ""Chemspeed.SAZone.1"", ""virtualVial"": ""0"", ""readOnly"": ""0"", ""enumerationScheme"": ""1"", ""elementEnumerationScheme"": ""1"", ""enumerationType"": ""0"", ""isvisible"": ""-1""}"
DEMO1,{85C96621-4AD2-4D82-8044-11251525F659},1,"{""typeid"": ""Chemspeed.SAZone.1"", ""virtualVial"": ""0"", ""readOnly"": ""0"", ""enumerationScheme"": ""1"", ""elementEnumerationScheme"": ""1"", ""enumerationType"": ""0"", ""isvisible"": ""-1""}"
DEMO_Pfd1,{353428F6-07BF-438C-A05C-9ADAD24F7B27},1,"{""typeid"": ""Chemspeed.SAZone.1"", ""virtualVial"": ""0"", ""readOnly"": ""0"", ""enumerationScheme"": ""1"", ""elementEnumerationScheme"": ""1"", ""enumerationType"": ""0"", ""isvisible"": ""-1""}"
analytic GPC port,{738268FC-E2AE-4DF3-AAEC-FC5656288FAC},1,"{""typeid"": ""Chemspeed.SAZone.1"", ""virtualVial"": ""0"", ""readOnly"": ""0"", ""enumerationScheme"": ""1"", ""elementEnumerationScheme"": ""1"", ""enumerationType"": ""0"", ""isvisible"": ""-1""}"
valve ports E #3,{A10193D8-47FC-45E4-BFC2-538DAB09EC8F},1,"{""typeid"": ""Chemspeed.SAZone.1"", ""virtualVial"": ""0"", ""readOnly"": ""0"", ""enumerationScheme"": ""1"", ""elementEnumerationScheme"": ""1"", ""enumerationType"": ""0"", ""isvisible"": ""-1""}"
isynth all,{A2EA2900-5D9F-4C9B-9537-EDFB3146DBE3},144,"{""typeid"": ""Chemspeed.SAZone.1"", ""virtualVial"": ""0"", ""readOnly"": ""0"", ""enumerationScheme"": ""1"", ""elementEnumerationScheme"": ""1"", ""enumerationType"": ""0"", ""isvisible"": ""-1""}"
valve ports F #2,{5FAB464C-61CF-448E-A741-79831AF37F61},1,"{""typeid"": ""Chemspeed.SAZone.1"", ""virtualVial"": ""0"", ""readOnly"": ""0"", ""enumerationScheme"": ""1"", ""elementEnumerationScheme"": ""1"", ""enumerationType"": ""0"", ""isvisible"": ""-1""}"
valve ports F,{3BE56B57-C632-4454-9702-D14C2C8F41BE},4,"{""typeid"": ""Chemspeed.SAZone.1"", ""virtualVial"": ""0"", ""readOnly"": ""-1"", ""enumerationScheme"": ""0"", ""elementEnumerationScheme"": ""0"", ""enumerationType"": ""0"", ""isvisible"": ""-1""}"
isynth1 all,{CDB2F30A-100B-40C2-9293-653B1CCD2B35},48,"{""typeid"": ""Chemspeed.SAZone.1"", ""virtualVial"": ""0"", ""readOnly"": ""0"", ""enumerationScheme"": ""1"", ""elementEnumerationScheme"": ""1"", ""enumerationType"": ""0"", ""isvisible"": ""-1""}"
Waste 1 #1 #2,{73854A9D-1E34-4F7C-A756-E6A9B3A058E9},2,"{""typeid"": ""Chemspeed.SAZone.1"", ""virtualVial"": ""0"", ""readOnly"": ""0"", ""enumerationScheme"": ""1"", ""elementEnumerationScheme"": ""1"", ""enumerationType"": ""0"", ""isvisible"": ""-1""}"
SOLV_Toluene,{3C982B92-D7E7-40D5-BFDC-F210E8AFE532},1,"{""typeid"": ""Chemspeed.SAZone.1"", ""virtualVial"": ""0"", ""readOnly"": ""0"", ""enumerationScheme"": ""1"", ""elementEnumerationScheme"": ""1"", ""enumerationType"": ""0"", ""isvisible"": ""-1""}"
INIT_AIBN,{40771892-5CA2-428E-AE95-4AF6FB09AE18},1,"{""typeid"": ""Chemspeed.SAZone.1"", ""virtualVial"": ""0"", ""readOnly"": ""0"", ""enumerationScheme"": ""1"", ""elementEnumerationScheme"": ""1"", ""enumerationType"": ""0"", ""isvisible"": ""-1""}"
MONO_MMA,{EF92639B-FD33-46CE-B915-39DEF6ADC99F},1,"{""typeid"": ""Chemspeed.SAZone.1"", ""virtualVial"": ""0"", ""readOnly"": ""0"", ""enumerationScheme"": ""1"", ""elementEnumerationScheme"": ""1"", ""enumerationType"": ""0"", ""isvisible"": ""-1""}"
Sampling1-1,{6FC8CE56-0479-4226-A59C-82AB737ECC45},12,"{""typeid"": ""Chemspeed.SAZone.1"", ""virtualVial"": ""0"", ""readOnly"": ""0"", ""enumerationScheme"": ""0"", ""elementEnumerationScheme"": ""1"", ""enumerationType"": ""0"", ""isvisible"": ""-1""}"
Sampling1-2,{9C46F20E-B3B3-44FB-B9D1-8496708FF520},12,"{""typeid"": ""Chemspeed.SAZone.1"", ""virtualVial"": ""0"", ""readOnly"": ""0"", ""enumerationScheme"": ""0"", ""elementEnumerationScheme"": ""1"", ""enumerationType"": ""0"", ""isvisible"": ""-1""}"
Sampling1-3,{5F15BBF7-08B3-46B3-9F0A-53DBE1461AF0},12,"{""typeid"": ""Chemspeed.SAZone.1"", ""virtualVial"": ""0"", ""readOnly"": ""0"", ""enumerationScheme"": ""0"", ""elementEnumerationScheme"": ""1"", ""enumerationType"": ""0"", ""isvisible"": ""-1""}"
Sampling1-4,{9851F322-13CF-4E32-B0B7-AA1CDAC14127},12,"{""typeid"": ""Chemspeed.SAZone.1"", ""virtualVial"": ""0"", ""readOnly"": ""0"", ""enumerationScheme"": ""0"", ""elementEnumerationScheme"": ""1"", ""enumerationType"": ""0"", ""isvisible"": ""-1""}"
isynth2 all,{DBEE02CB-E3A7-420B-9124-547E54BE5D97},48,"{""typeid"": ""Chemspeed.SAZone.1"", ""virtualVial"": ""0"", ""readOnly"": ""0"", ""enumerationScheme"": ""1"", ""elementEnumerationScheme"": ""1"", ""enumerationType"": ""0"", ""isvisible"": ""-1""}"
isynth3 all,{7D4956BE-2104-4538-8D50-B28D0B5AE139},48,"{""typeid"": ""Chemspeed.SAZone.1"", ""virtualVial"": ""0"", ""readOnly"": ""0"", ""enumerationScheme"": ""1"", ""elementEnumerationScheme"": ""1"", ""enumerationType"": ""0"", ""isvisible"": ""-1""}"
isynth1 rows,{5944AD65-859E-49BB-A3EE-E3A1BFF566F1},6,"{""typeid"": ""Chemspeed.SAZone.1"", ""virtualVial"": ""0"", ""readOnly"": ""0"", ""enumerationScheme"": ""1"", ""elementEnumerationScheme"": ""1"", ""enumerationType"": ""0"", ""isvisible"": ""-1""}"
isynth1 row2,{A40738B6-0238-48F0-B3FC-B9CBD4404AB1},1,"{""typeid"": ""Chemspeed.SAZone.1"", ""virtualVial"": ""0"", ""readOnly"": ""0"", ""enumerationScheme"": ""1"", ""elementEnumerationScheme"": ""1"", ""enumerationType"": ""0"", ""isvisible"": ""-1""}"
isynth1 row3,{5718F365-AFC9-4603-ABE9-A48522FB7286},1,"{""typeid"": ""Chemspeed.SAZone.1"", ""virtualVial"": ""0"", ""readOnly"": ""0"", ""enumerationScheme"": ""1"", ""elementEnumerationScheme"": ""1"", ""enumerationType"": ""0"", ""isvisible"": ""-1""}"
isynth1 row4,{21E5256E-7FAA-4097-9807-CEBB2305F98B},1,"{""typeid"": ""Chemspeed.SAZone.1"", ""virtualVial"": ""0"", ""readOnly"": ""0"", ""enumerationScheme"": ""1"", ""elementEnumerationScheme"": ""1"", ""enumerationType"": ""0"", ""isvisible"": ""-1""}"
isynth1 row5,{3D313B9A-0A45-457B-AEE4-48B9048C1BD5},1,"{""typeid"": ""Chemspeed.SAZone.1"", ""virtualVial"": ""0"", ""readOnly"": ""0"", ""enumerationScheme"": ""1"", ""elementEnumerationScheme"": ""1"", ""enumerationType"": ""0"", ""isvisible"": ""-1""}"
isynth1 row6,{32FB4FAA-F1C6-469D-B073-4866AC3F3FB1},1,"{""typeid"": ""Chemspeed.SAZone.1"", ""virtualVial"": ""0"", ""readOnly"": ""0"", ""enumerationScheme"": ""1"", ""elementEnumerationScheme"": ""1"", ""enumerationType"": ""0"", ""isvisible"": ""-1""}"
isynth2 rows,{B9E3CD26-379F-4493-9693-2F6CFF8EDC9A},6,"{""typeid"": ""Chemspeed.SAZone.1"", ""virtualVial"": ""0"", ""readOnly"": ""0"", ""enumerationScheme"": ""1"", ""elementEnumerationScheme"": ""1"", ""enumerationType"": ""0"", ""isvisible"": ""-1""}"
isynth2 row2,{7BB40110-0F83-4DA4-ABFD-E4C896D6F297},1,"{""typeid"": ""Chemspeed.SAZone.1"", ""virtualVial"": ""0"", ""readOnly"": ""0"", ""enumerationScheme"": ""1"", ""elementEnumerationScheme"": ""1"", ""enumerationType"": ""0"", ""isvisible"": ""-1""}"
isynth2 row3,{9EA2F1BF-BE23-4208-9431-B046EA8EB707},1,"{""typeid"": ""Chemspeed.SAZone.1"", ""virtualVial"": ""0"", ""readOnly"": ""0"", ""enumerationScheme"": ""1"", ""elementEnumerationScheme"": ""1"", ""enumerationType"": ""0"", ""isvisible"": ""-1""}"
isynth2 row4,{BC3C8164-E99A-451A-B006-09888D5E961F},1,"{""typeid"": ""Chemspeed.SAZone.1"", ""virtualVial"": ""0"", ""readOnly"": ""0"", ""enumerationScheme"": ""1"", ""elementEnumerationScheme"": ""1"", ""enumerationType"": ""0"", ""isvisible"": ""-1""}"
isynth2 row5,{5EE68567-66DE-4093-869A-796D847947D1},1,"{""typeid"": ""Chemspeed.SAZone.1"", ""virtualVial"": ""0"", ""readOnly"": ""0"", ""enumerationScheme"": ""1"", ""elementEnumerationScheme"": ""1"", ""enumerationType"": ""0"", ""isvisible"": ""-1""}"
isynth2 row6,{ED40EA99-3D93-4653-8209-B1CA13740956},1,"{""typeid"": ""Chemspeed.SAZone.1"", ""virtualVial"": ""0"", ""readOnly"": ""0"", ""enumerationScheme"": ""1"", ""elementEnumerationScheme"": ""1"", ""enumerationType"": ""0"", ""isvisible"": ""-1""}"
isynth3 rows,{39E9BD50-B758-4A13-9E2A-607284554A6D},6,"{""typeid"": ""Chemspeed.SAZone.1"", ""virtualVial"": ""0"", ""readOnly"": ""0"", ""enumerationScheme"": ""1"", ""elementEnumerationScheme"": ""1"", ""enumerationType"": ""0"", ""isvisible"": ""-1""}"
isynth3 row2,{B8C7649B-553C-41B9-A8F7-6808F600A2E6},1,"{""typeid"": ""Chemspeed.SAZone.1"", ""virtualVial"": ""0"", ""readOnly"": ""0"", ""enumerationScheme"": ""1"", ""elementEnumerationScheme"": ""1"", ""enumerationType"": ""0"", ""isvisible"": ""-1""}"
isynth3 row4,{063B4B62-02EE-4CCE-8554-E1D8A6021D5A},1,"{""typeid"": ""Chemspeed.SAZone.1"", ""virtualVial"": ""0"", ""readOnly"": ""0"", ""enumerationScheme"": ""1"", ""elementEnumerationScheme"": ""1"", ""enumerationType"": ""0"", ""isvisible"": ""-1""}"
isynth3 row5,{A273A61D-50BE-47EC-A213-9CE1A290A708},1,"{""typeid"": ""Chemspeed.SAZone.1"", ""virtualVial"": ""0"", ""readOnly"": ""0"", ""enumerationScheme"": ""1"", ""elementEnumerationScheme"": ""1"", ""enumerationType"": ""0"", ""isvisible"": ""-1""}"
isynth3 row6,{745C1347-2C32-45BD-95C2-E506C0500853},1,"{""typeid"": ""Chemspeed.SAZone.1"", ""virtualVial"": ""0"", ""readOnly"": ""0"", ""enumerationScheme"": ""1"", ""elementEnumerationScheme"": ""1"", ""enumerationType"": ""0"", ""isvisible"": ""-1""}"
isynth3 row3,{54648C93-0258-472F-81ED-F3632451FBCC},1,"{""typeid"": ""Chemspeed.SAZone.1"", ""virtualVial"": ""0"", ""readOnly"": ""0"", ""enumerationScheme"": ""1"", ""elementEnumerationScheme"": ""1"", ""enumerationType"": ""0"", ""isvisible"": ""-1""}"
reactor1,{F4FC132D-B9E0-46E1-8559-365EE4149400},48,"{""typeid"": ""Chemspeed.SAZone.1"", ""virtualVial"": ""0"", ""readOnly"": ""0"", ""enumerationScheme"": ""1"", ""elementEnumerationScheme"": ""1"", ""enumerationType"": ""0"", ""isvisible"": ""-1""}"
SOLV_THF,{039EBE3D-7361-4B2E-A0D4-40125398E6AB},1,"{""typeid"": ""Chemspeed.SAZone.1"", ""virtualVial"": ""0"", ""readOnly"": ""0"", ""enumerationScheme"": ""1"", ""elementEnumerationScheme"": ""1"", ""enumerationType"": ""0"", ""isvisible"": ""-1""}"
TEST_PiBuMA_Toluene,{7F21690F-4BE5-4AFB-8BB5-9EC04FA31E04},1,"{""typeid"": ""Chemspeed.SAZone.1"", ""virtualVial"": ""0"", ""readOnly"": ""0"", ""enumerationScheme"": ""1"", ""elementEnumerationScheme"": ""1"", ""enumerationType"": ""0"", ""isvisible"": ""-1""}"
SOLV_Anisole,{EF304DEA-60CD-40B5-8EE9-ADBC628926B4},1,"{""typeid"": ""Chemspeed.SAZone.1"", ""virtualVial"": ""0"", ""readOnly"": ""0"", ""enumerationScheme"": ""1"", ""elementEnumerationScheme"": ""1"", ""enumerationType"": ""0"", ""isvisible"": ""-1""}"
reactor2,{5A62A07C-EE21-4F14-8F9E-D50EC53F3975},12,"{""typeid"": ""Chemspeed.SAZone.1"", ""virtualVial"": ""0"", ""readOnly"": ""0"", ""enumerationScheme"": ""1"", ""elementEnumerationScheme"": ""1"", ""enumerationType"": ""0"", ""isvisible"": ""-1""}"
reactor3,{D0EAB912-EC04-419D-9ED2-B0C8B208DF32},12,"{""typeid"": ""Chemspeed.SAZone.1"", ""virtualVial"": ""0"", ""readOnly"": ""0"", ""enumerationScheme"": ""1"", ""elementEnumerationScheme"": ""1"", ""enumerationType"": ""0"", ""isvisible"": ""-1""}"
TEST_PiBuMA_THF,{F38800F3-602B-4DCF-B16E-F17B9E49B4A1},1,"{""typeid"": ""Chemspeed.SAZone.1"", ""virtualVial"": ""0"", ""readOnly"": ""0"", ""enumerationScheme"": ""1"", ""elementEnumerationScheme"": ""1"", ""enumerationType"": ""0"", ""isvisible"": ""-1""}"
TEST_PMMA_THF,{59842CF9-A5DD-4376-AACB-A9071223F887},1,"{""typeid"": ""Chemspeed.SAZone.1"", ""virtualVial"": ""0"", ""readOnly"": ""0"", ""enumerationScheme"": ""1"", ""elementEnumerationScheme"": ""1"", ""enumerationType"": ""0"", ""isvisible"": ""-1""}"
Sampling2-1,{2F2C12DB-F4C5-4AB1-B017-F959D81FDD06},12,"{""typeid"": ""Chemspeed.SAZone.1"", ""virtualVial"": ""0"", ""readOnly"": ""0"", ""enumerationScheme"": ""0"", ""elementEnumerationScheme"": ""1"", ""enumerationType"": ""0"", ""isvisible"": ""-1""}"
Sampling2-2,{3B931BF7-9D32-4200-86D2-F354EFE8F124},12,"{""typeid"": ""Chemspeed.SAZone.1"", ""virtualVial"": ""0"", ""readOnly"": ""0"", ""enumerationScheme"": ""0"", ""elementEnumerationScheme"": ""1"", ""enumerationType"": ""0"", ""isvisible"": ""-1""}"
Sampling2-3,{10D4CC67-01D4-4D13-A456-409B9453FF60},12,"{""typeid"": ""Chemspeed.SAZone.1"", ""virtualVial"": ""0"", ""readOnly"": ""0"", ""enumerationScheme"": ""0"", ""elementEnumerationScheme"": ""1"", ""enumerationType"": ""0"", ""isvisible"": ""-1""}"
Sampling2-4,{F267CB0A-9DC4-4914-9441-575319B7F576},12,"{""typeid"": ""Chemspeed.SAZone.1"", ""virtualVial"": ""0"", ""readOnly"": ""0"", ""enumerationScheme"": ""0"", ""elementEnumerationScheme"": ""1"", ""enumerationType"": ""0"", ""isvisible"": ""-1""}"
Sampling3-1,{DD4D6739-1042-4DB1-8AF5-BB990DA9E531},12,"{""typeid"": ""Chemspeed.SAZone.1"", ""virtualVial"": ""0"", ""readOnly"": ""0"", ""enumerationScheme"": ""0"", ""elementEnumerationScheme"": ""1"", ""enumerationType"": ""0"", ""isvisible"": ""-1""}"
Sampling3-2,{F41D00E7-731C-4364-AC13-6036DF32DEE7},12,"{""typeid"": ""Chemspeed.SAZone.1"", ""virtualVial"": ""0"", ""readOnly"": ""0"", ""enumerationScheme"": ""0"", ""elementEnumerationScheme"": ""1"", ""enumerationType"": ""0"", ""isvisible"": ""-1""}"
Sampling3-3,{2C66D6ED-5440-408C-A715-4FD523A0CBEF},12,"{""typeid"": ""Chemspeed.SAZone.1"", ""virtualVial"": ""0"", ""readOnly"": ""0"", ""enumerationScheme"": ""0"", ""elementEnumerationScheme"": ""1"", ""enumerationType"": ""0"", ""isvisible"": ""-1""}"
Sampling3-4,{BEAD7BA4-908F-4A26-8061-BFE0B0A297C3},12,"{""typeid"": ""Chemspeed.SAZone.1"", ""virtualVial"": ""0"", ""readOnly"": ""0"", ""enumerationScheme"": ""0"", ""elementEnumerationScheme"": ""1"", ""enumerationType"": ""0"", ""isvisible"": ""-1""}"
Sampling1,{E4EF120B-8357-46E3-B731-DF0BBF0B1B3E},48,"{""typeid"": ""Chemspeed.SAZone.1"", ""virtualVial"": ""0"", ""readOnly"": ""0"", ""enumerationScheme"": ""0"", ""elementEnumerationScheme"": ""1"", ""enumerationType"": ""0"", ""isvisible"": ""-1""}"
test,{8053413F-2EEC-449F-B86C-61AA0240FE34},1,"{""typeid"": ""Chemspeed.SAZone.1"", ""virtualVial"": ""0"", ""readOnly"": ""0"", ""enumerationScheme"": ""1"", ""elementEnumerationScheme"": ""1"", ""enumerationType"": ""0"", ""isvisible"": ""-1""}"
loop_check,{E9243A06-15D4-4F45-82AF-4EFEB4B655C1},1,"{""typeid"": ""Chemspeed.SAZone.1"", ""virtualVial"": ""0"", ""readOnly"": ""0"", ""enumerationScheme"": ""1"", ""elementEnumerationScheme"": ""1"", ""enumerationType"": ""0"", ""isvisible"": ""-1""}"
TEST_PS30k,{96C04EBD-22DA-4B0A-A84D-8405F2155F12},1,"{""typeid"": ""Chemspeed.SAZone.1"", ""virtualVial"": ""0"", ""readOnly"": ""0"", ""enumerationScheme"": ""1"", ""elementEnumerationScheme"": ""1"", ""enumerationType"": ""0"", ""isvisible"": ""-1""}"
TEST_PLA,{123E7110-8587-4517-A924-45D7F7EB6F50},1,"{""typeid"": ""Chemspeed.SAZone.1"", ""virtualVial"": ""0"", ""readOnly"": ""0"", ""enumerationScheme"": ""1"", ""elementEnumerationScheme"": ""1"", ""enumerationType"": ""0"", ""isvisible"": ""-1""}"
